timestamp,veh_id,power,beacon,cbr,snr,reward
2025-04-19T16:46:54,veh0,30.0,10.0,0.0,0.0,-65.0
2025-04-19T16:46:54,veh1,30.0,10.0,0.0,0.0,-65.0
2025-04-19T16:46:55,veh0,29.0,9.0,0.0,0.0,-65.0
2025-04-19T16:46:55,veh1,30.0,11.0,0.0,0.0,-65.0
2025-04-19T16:46:56,veh0,28.0,8.0,0.0,0.0,-65.0
2025-04-19T16:46:56,veh1,29.0,10.0,0.0,0.0,-65.0
2025-04-19T16:48:12,veh0,29.0,9.0,0.03534466568815175,74.2755989735033,-61.465533431184824
2025-04-19T16:48:12,veh1,28.0,9.0,0.03534466568815175,76.07487550665218,-61.465533431184824
2025-04-19T16:48:12,veh10,30.0,10.0,0.039055591205054634,73.2755989735033,-61.09444087949454
2025-04-19T16:48:12,veh102,30.0,10.0,0.039055591205054634,74.07487550665219,-61.09444087949454
2025-04-19T16:48:44,veh0,28.0,8.0,0.03413554097537515,72.0258484898659,-61.586445902462486
2025-04-19T16:48:44,veh1,29.0,10.0,0.03430817620991509,74.02125054291632,-61.56918237900849
2025-04-19T16:48:44,veh10,29.0,9.0,0.03622282437574011,71.01104749984196,-61.37771756242599
2025-04-19T16:48:44,veh102,30.0,11.0,0.0362373778360987,72.55483923321982,-61.37626221639013
2025-04-19T16:49:12,veh0,29.0,9.0,0.03376853644884205,70.58596427832528,-61.6231463551158
2025-04-19T16:49:12,veh1,28.0,9.0,0.03391189639560365,72.1304297628069,-61.608810360439634
2025-04-19T16:49:12,veh10,30.0,10.0,0.035240931721864946,69.58178387571014,-61.47590682781351
2025-04-19T16:49:12,veh102,29.0,10.0,0.03531413843074496,70.80769657889022,-61.46858615692551
2025-04-19T17:20:28,veh0,30.0,10.0,0.045571316772910334,41.06532559758813,-60.44286832270897
2025-04-19T17:20:28,veh1,27.0,8.0,0.043480484525179726,46.34030496289956,-60.65195154748203
2025-04-19T17:20:28,veh10,29.0,9.0,0.044941511158496074,48.59054481915436,-60.505848884150396
2025-04-19T17:20:28,veh100,30.0,10.0,0.06743793371370026,15.948913857335617,-58.25620662862998
2025-04-19T17:20:28,veh102,30.0,11.0,0.046083969235666954,47.96871746026747,-60.391603076433306
2025-04-19T17:20:28,veh103,30.0,10.0,0.06743793371370026,18.445015691778163,-58.25620662862998
2025-04-19T18:15:24,veh0,29.0,9.0,0.049789759001079806,30.157816758133983,-60.02102409989202
2025-04-19T18:15:24,veh1,28.0,9.0,0.04844202134876033,33.037000362292744,-60.15579786512397
2025-04-19T18:15:24,veh10,28.0,8.0,0.04882316261079874,39.571068717247535,-60.11768373892012
2025-04-19T18:15:24,veh100,29.0,9.0,0.0642621238885732,15.338076031441355,-58.57378761114268
2025-04-19T18:15:24,veh102,30.0,12.0,0.0509214900878623,36.88800723581452,-59.90785099121377
2025-04-19T18:15:24,veh103,30.0,11.0,0.06430618237844624,17.04191874273345,-58.56938176215538
2025-04-19T18:47:57,veh0,30.0,10.0,0.05243860952325107,22.994575291914366,-59.75613904767489
2025-04-19T18:47:57,veh1,27.0,8.0,0.05085914799556597,26.457486382602802,-59.9140852004434
2025-04-19T18:47:57,veh10,29.0,9.0,0.0514336203579698,33.06280050455583,-59.85663796420302
2025-04-19T18:47:57,veh100,28.0,8.0,0.06310908024829417,14.964643240351085,-58.689091975170584
2025-04-19T18:47:57,veh102,30.0,13.0,0.053705147845269585,30.352886535157737,-59.629485215473046
2025-04-19T18:47:57,veh103,29.0,10.0,0.06327073354913006,16.649953779517208,-58.672926645086996
2025-04-19T19:25:27,veh0,29.0,9.0,0.06051640455524228,19.849932841359827,-58.94835954447577
2025-04-19T19:25:27,veh1,26.0,7.0,0.05809748184341845,22.816150740895687,-59.19025181565816
2025-04-19T19:25:27,veh10,30.0,10.0,0.060744724643743316,23.96714545882352,-58.92552753562567
2025-04-19T19:25:27,veh100,27.0,7.0,0.06931632665327686,12.21838402455631,-58.06836733467231
2025-04-19T19:25:27,veh101,30.0,10.0,0.09157374383723052,4.837778994772948,-55.842625616276955
2025-04-19T19:25:27,veh102,29.0,12.0,0.06219516026323181,22.185382741735175,-58.78048397367682
2025-04-19T19:25:27,veh103,30.0,11.0,0.07129090444902166,14.222607219467434,-57.87090955509784
2025-04-19T19:25:27,veh104,30.0,10.0,0.09157374383723052,11.571258486248153,-55.842625616276955
2025-04-19T20:33:07,veh0,30.0,10.0,0.06594752031483812,17.884069419508894,-58.40524796851619
2025-04-19T20:33:07,veh1,27.0,8.0,0.06341302297150381,20.155009576315084,-58.658697702849615
2025-04-19T20:33:07,veh10,30.0,11.0,0.06659259561137007,18.714601823930252,-58.340740438862994
2025-04-19T20:33:07,veh100,28.0,8.0,0.07326888634281165,9.569653438859557,-57.673111365718846
2025-04-19T20:33:07,veh101,29.0,9.0,0.08936476768014778,4.167113406955936,-56.06352323198522
2025-04-19T20:33:07,veh102,28.0,11.0,0.06681277098355233,18.16830454829171,-58.31872290164477
2025-04-19T20:33:07,veh103,29.0,10.0,0.07489459249323976,12.607072170694806,-57.51054075067603
2025-04-19T20:33:07,veh104,30.0,11.0,0.08899416287008641,10.030546217965268,-56.10058371299136
2025-04-19T21:39:26,veh0,29.0,9.0,0.06912623555642242,16.729896645747463,-58.087376444357766
2025-04-19T21:39:26,veh1,26.0,7.0,0.06305789591281569,18.28778243660251,-58.694210408718426
2025-04-19T21:39:26,veh10,30.0,12.0,0.07060918849264562,15.137060056495603,-57.93908115073544
2025-04-19T21:39:26,veh100,27.0,7.0,0.07543487845223153,8.1005727803735,-57.45651215477685
2025-04-19T21:39:26,veh101,30.0,10.0,0.08867290930825845,3.3748822376235172,-56.132709069174155
2025-04-19T21:39:26,veh102,29.0,12.0,0.07025056139331692,15.267675891228048,-57.974943860668304
2025-04-19T21:39:26,veh103,28.0,9.0,0.07686077172193574,11.474047994547433,-57.31392282780643
2025-04-19T21:39:26,veh104,30.0,12.0,0.08826606990905612,8.858649107550656,-56.17339300909438
2025-04-19T22:32:08,veh0,30.0,10.0,0.07824245774944108,13.058073342590045,-57.1757542250559
2025-04-19T22:32:08,veh1,25.0,6.0,0.06176607817101698,20.026997694464683,-58.8233921828983
2025-04-19T22:32:08,veh10,29.0,11.0,0.07968747595943922,11.746662580387802,-57.031252404056076
2025-04-19T22:32:08,veh100,28.0,8.0,0.08408633208529817,6.577491773685965,-56.591366791470186
2025-04-19T22:32:08,veh101,29.0,9.0,0.09706367803419538,5.2290181214979246,-55.29363219658047
2025-04-19T22:32:08,veh102,30.0,13.0,0.07968376754294443,11.841314717637042,-57.03162324570557
2025-04-19T22:32:08,veh103,29.0,10.0,0.0851764921999862,9.419650291370049,-56.482350780001376
2025-04-19T22:32:08,veh104,29.0,11.0,0.09730306202301083,8.695370257629703,-55.26969379769891
2025-04-19T22:32:08,veh105,30.0,10.0,0.1216941368058861,10.286003506784242,-52.83058631941139
2025-04-19T22:32:08,veh107,30.0,10.0,0.1216941368058861,11.469114735088228,-52.83058631941139
2025-04-19T23:56:16,veh0,29.0,9.0,0.0791295508594171,12.6118243074351,-57.087044914058296
2025-04-19T23:56:16,veh1,24.0,5.0,0.06075743332402854,21.341635728618378,-58.92425666759715
2025-04-19T23:56:16,veh10,28.0,10.0,0.08530698414991478,9.53660460928441,-56.46930158500852
2025-04-19T23:56:16,veh100,29.0,9.0,0.09036947236883713,5.534274575839467,-55.96305276311628
2025-04-19T23:56:16,veh101,28.0,8.0,0.09526412199885353,4.9980453605592094,-55.47358780011464
2025-04-19T23:56:16,veh102,30.0,14.0,0.08648387820199882,9.695828916181652,-56.351612179800114
2025-04-19T23:56:16,veh103,28.0,9.0,0.09018519662619923,8.4730160413541,-55.981480337380084
2025-04-19T23:56:16,veh104,30.0,12.0,0.1025057181770887,8.134853984368693,-54.74942818229114
2025-04-19T23:56:16,veh105,30.0,11.0,0.10585185504019144,8.541777456266564,-54.414814495980856
2025-04-19T23:56:16,veh107,29.0,9.0,0.10729520466141362,8.930695959509391,-54.27047953385864
2025-04-20T01:14:07,veh0,30.0,10.0,0.07994200977721108,12.238788245799503,-57.00579902227889
2025-04-20T01:14:07,veh1,23.0,4.0,0.059990215596817976,22.309460897184767,-59.00097844031821
2025-04-20T01:14:07,veh10,29.0,11.0,0.08992545702555682,7.886991309100989,-56.00745429744431
2025-04-20T01:14:07,veh100,30.0,10.0,0.09508838784612399,5.0204397841524555,-55.491161215387606
2025-04-20T01:14:07,veh101,29.0,9.0,0.09396784699128151,4.359485480542866,-55.60321530087185
2025-04-20T01:14:07,veh102,30.0,15.0,0.0916905426973537,8.135110512013437,-55.83094573026464
2025-04-20T01:14:07,veh103,27.0,8.0,0.08979054907301133,7.940069380162405,-56.020945092698874
2025-04-20T01:14:07,veh104,29.0,11.0,0.10025492942313485,7.184779524559352,-54.974507057686516
2025-04-20T01:14:07,veh105,29.0,10.0,0.10031215660071675,7.315460842354655,-54.96878433992832
2025-04-20T01:14:07,veh107,28.0,8.0,0.1016898049224192,7.749206004039774,-54.831019507758086
2025-04-20T02:40:42,veh0,29.0,9.0,0.07873757253687641,11.492860195471934,-57.126242746312364
2025-04-20T02:40:42,veh1,24.0,5.0,0.05909594728800719,23.423648636335688,-59.09040527119929
2025-04-20T02:40:42,veh10,30.0,12.0,0.10070087639083637,7.264775848877176,-54.92991236091637
2025-04-20T02:40:42,veh100,30.0,11.0,0.10685452732111454,3.8300116960299686,-54.31454726788855
2025-04-20T02:40:42,veh101,30.0,10.0,0.09841490440785937,3.864853149826108,-55.15850955921407
2025-04-20T02:40:42,veh102,30.0,16.0,0.10324507630057062,6.947904404431451,-54.67549236994294
2025-04-20T02:40:42,veh103,28.0,9.0,0.09317901630130182,6.661340960601507,-55.68209836986981
2025-04-20T02:40:42,veh104,28.0,10.0,0.10283255990286778,6.095270453241923,-54.716744009713224
2025-04-20T02:40:42,veh105,28.0,9.0,0.10460784502338047,8.152053594345205,-54.53921549766195
2025-04-20T02:40:42,veh106,30.0,10.0,0.1216941368058861,11.121167059764273,-52.83058631941139
2025-04-20T02:40:42,veh107,29.0,9.0,0.10600087067965515,7.335752845002208,-54.39991293203449
2025-04-20T02:40:42,veh108,30.0,10.0,0.1216941368058861,8.549893315075446,-52.83058631941139
2025-04-20T05:11:05,veh0,30.0,10.0,0.07759308996632054,10.767114611884084,-57.24069100336795
2025-04-20T05:11:05,veh1,23.0,4.0,0.05909594728800719,23.423648636335688,-59.09040527119929
2025-04-20T05:11:05,veh10,29.0,11.0,0.10784302911297133,6.829031933714033,-54.21569708870286
2025-04-20T05:11:05,veh100,29.0,10.0,0.11419741136617133,3.1288978263111757,-53.580258863382866
2025-04-20T05:11:05,veh101,29.0,9.0,0.10114031532667775,3.475825656515134,-54.885968467332226
2025-04-20T05:11:05,veh102,30.0,17.0,0.10539995478930347,6.214168242362244,-54.46000452106965
2025-04-20T05:11:05,veh103,27.0,8.0,0.0955140429921015,5.72889635347623,-55.44859570078985
2025-04-20T05:11:05,veh104,29.0,11.0,0.1049473790995165,5.2519739348956875,-54.505262090048355
2025-04-20T05:11:05,veh105,27.0,8.0,0.10187413493175039,7.665075118662329,-54.81258650682497
2025-04-20T05:11:05,veh106,29.0,9.0,0.10729520466141362,8.72751914579709,-54.27047953385864
2025-04-20T05:11:05,veh107,28.0,8.0,0.10811979647178459,7.03845212079869,-54.18802035282154
2025-04-20T05:11:05,veh108,30.0,11.0,0.11956860024439805,8.038125832855219,-53.043139975560194
2025-04-20T06:56:14,veh0,30.0,11.0,0.07652346034948396,10.142168287768776,-57.347653965051606
2025-04-20T06:56:14,veh1,22.0,3.0,0.05909594728800719,23.423648636335688,-59.09040527119929
2025-04-20T06:56:14,veh10,30.0,12.0,0.11382708708642476,6.404289031785447,-53.617291291357525
2025-04-20T06:56:14,veh100,28.0,9.0,0.11450413895209371,2.555358241625128,-53.549586104790635
2025-04-20T06:56:14,veh101,28.0,8.0,0.10293127348237724,3.35055231707782,-54.70687265176228
2025-04-20T06:56:14,veh102,30.0,18.0,0.10396078701803603,5.598861967227623,-54.6039212981964
2025-04-20T06:56:14,veh103,28.0,9.0,0.09767649462317009,4.881153069868418,-55.232350537683
2025-04-20T06:56:14,veh104,28.0,10.0,0.10636346087995957,4.506317365146615,-54.36365391200404
2025-04-20T06:56:14,veh105,26.0,7.0,0.10002200902285191,7.249978354102525,-54.997799097714804
2025-04-20T06:56:14,veh106,30.0,10.0,0.1009664476727275,6.8141594150736395,-54.90335523272725
2025-04-20T06:56:14,veh107,29.0,9.0,0.10974044085840934,6.876703447301766,-54.02595591415906
2025-04-20T06:56:14,veh108,30.0,12.0,0.11900012668986992,8.417216598621698,-53.09998733101301
2025-04-20T08:39:25,veh0,30.0,12.0,0.07502637832553123,11.680921558843577,-57.49736216744687
2025-04-20T08:39:25,veh1,23.0,4.0,0.05909594728800719,23.423648636335688,-59.09040527119929
2025-04-20T08:39:25,veh10,29.0,11.0,0.11212595946066169,6.167360906679262,-53.78740405393383
2025-04-20T08:39:25,veh100,29.0,10.0,0.11942705018229649,2.4186193526970303,-53.057294981770355
2025-04-20T08:39:25,veh101,29.0,9.0,0.11014111446242728,2.8119043388137057,-53.98588855375728
2025-04-20T08:39:25,veh102,29.0,17.0,0.10279640830135221,5.2202085529518145,-54.720359169864786
2025-04-20T08:39:25,veh103,27.0,8.0,0.09926384633043683,4.420847900400752,-55.07361536695632
2025-04-20T08:39:25,veh104,29.0,11.0,0.11316408458990815,3.908620861156928,-53.68359154100919
2025-04-20T08:39:25,veh105,25.0,6.0,0.10184153980820256,6.572830162518755,-54.815846019179745
2025-04-20T08:39:25,veh106,29.0,9.0,0.10527882520774905,8.481943404430949,-54.472117479225105
2025-04-20T08:39:25,veh107,28.0,8.0,0.11069745828232325,6.271283832334298,-53.93025417176768
2025-04-20T08:39:25,veh108,30.0,13.0,0.11882326309432564,8.582253306702478,-53.117673690567436
2025-04-20T08:39:25,veh109,30.0,10.0,0.1216941368058861,14.60271155500887,-52.83058631941139
2025-04-20T08:39:25,veh110,30.0,10.0,0.1216941368058861,12.009366048905587,-52.83058631941139
2025-04-20T12:20:02,veh0,29.0,11.0,0.07373393883348987,12.948616984257841,-57.62660611665101
2025-04-20T12:20:02,veh1,24.0,5.0,0.05909594728800719,23.423648636335688,-59.09040527119929
2025-04-20T12:20:02,veh10,28.0,10.0,0.11073619376124774,5.872491265277141,-53.926380623875225
2025-04-20T12:20:02,veh100,30.0,11.0,0.12369319774238245,2.525126098328647,-52.630680225761765
2025-04-20T12:20:02,veh101,30.0,10.0,0.11619111719435907,2.252977081620801,-53.3808882805641
2025-04-20T12:20:02,veh102,30.0,18.0,0.10178433295516902,4.965143798847588,-54.821566704483104
2025-04-20T12:20:02,veh103,26.0,7.0,0.09858355138433479,4.314920059255418,-55.14164486156652
2025-04-20T12:20:02,veh104,30.0,12.0,0.11879666576297779,3.412524476596506,-53.12033342370223
2025-04-20T12:20:02,veh105,24.0,5.0,0.10069895805186535,6.342881386612527,-54.93010419481347
2025-04-20T12:20:02,veh106,30.0,10.0,0.10805072471795091,8.861925602798214,-54.194927528204914
2025-04-20T12:20:02,veh107,27.0,7.0,0.11129729747696737,5.912153226103821,-53.870270252303264
2025-04-20T12:20:02,veh108,30.0,14.0,0.11880460628720416,8.390910098777338,-53.119539371279586
2025-04-20T12:20:02,veh109,29.0,9.0,0.10729520466141362,11.71335250402563,-54.27047953385864
2025-04-20T12:20:02,veh110,30.0,11.0,0.1192856558191216,11.670415369217451,-53.07143441808784
2025-04-20T14:17:24,veh0,30.0,12.0,0.07242548776715613,14.259342724317236,-57.75745122328439
2025-04-20T14:17:24,veh1,23.0,4.0,0.05909594728800719,23.423648636335688,-59.09040527119929
2025-04-20T14:17:24,veh10,29.0,11.0,0.1093963278283239,5.662082091172821,-54.06036721716762
2025-04-20T14:17:24,veh100,30.0,12.0,0.12322449673307527,1.9508773446049776,-52.67755032669248
2025-04-20T14:17:24,veh101,29.0,9.0,0.12036392533046612,1.8703752016125177,-52.96360746695339
2025-04-20T14:17:24,veh102,29.0,17.0,0.10009710687731398,5.135286909093386,-54.9902893122686
2025-04-20T14:17:24,veh103,27.0,8.0,0.09791170489951244,4.190508968678359,-55.208829510048766
2025-04-20T14:17:24,veh104,29.0,11.0,0.11874296089517516,3.1500903305307313,-53.12570391048248
2025-04-20T14:17:24,veh105,25.0,6.0,0.09954513660514612,6.102359838595512,-55.04548633948539
2025-04-20T14:17:24,veh106,30.0,11.0,0.1099943425092143,8.45064829336638,-54.00056574907857
2025-04-20T14:17:24,veh107,28.0,8.0,0.11188065477116459,5.63666307899688,-53.81193452288354
2025-04-20T14:17:24,veh108,29.0,13.0,0.11450116695213815,7.514548338454886,-53.549883304786185
2025-04-20T14:17:24,veh109,28.0,8.0,0.10157883473909124,10.411407952165746,-54.84211652609088
2025-04-20T14:17:24,veh110,29.0,10.0,0.11060687041933447,9.881182158687624,-53.93931295806655
2025-04-20T16:57:54,veh0,30.0,13.0,0.0711149286075109,15.601035145555564,-57.888507139248915
2025-04-20T16:57:54,veh1,22.0,3.0,0.05909594728800719,23.423648636335688,-59.09040527119929
2025-04-20T16:57:54,veh10,30.0,12.0,0.10812179450051553,5.475379715588637,-54.18782054994845
2025-04-20T16:57:54,veh100,30.0,13.0,0.12082456935324262,2.5202872786784987,-52.91754306467574
2025-04-20T16:57:54,veh101,28.0,8.0,0.12012140259871729,1.7526490225555842,-52.98785974012827
2025-04-20T16:57:54,veh102,28.0,16.0,0.09858584270356732,5.2779331341283955,-55.14141572964327
2025-04-20T16:57:54,veh103,26.0,7.0,0.09675766834335478,4.44820664379909,-55.32423316566452
2025-04-20T16:57:54,veh104,30.0,12.0,0.12275204820525491,2.605714819163023,-52.72479517947451
2025-04-20T16:57:54,veh105,26.0,7.0,0.1012745938601469,5.158516839448333,-54.87254061398531
2025-04-20T16:57:54,veh106,30.0,12.0,0.1199626500810678,6.485677243121624,-53.003734991893225
2025-04-20T16:57:54,veh107,27.0,7.0,0.11226106585988434,4.865227790739251,-53.77389341401157
2025-04-20T16:57:54,veh108,30.0,14.0,0.1152103005349841,6.394914875338474,-53.478969946501586
2025-04-20T16:57:54,veh109,29.0,9.0,0.1057960781659437,10.018328498371428,-54.42039218340563
2025-04-20T16:57:54,veh11,30.0,10.0,0.1216941368058861,10.567778687046728,-52.83058631941139
2025-04-20T16:57:54,veh110,28.0,9.0,0.1121168103745346,9.075393441499884,-53.78831896254654
2025-04-20T16:57:54,veh111,30.0,10.0,0.1216941368058861,7.7641948834840395,-52.83058631941139
2025-04-20T18:48:13,veh0,29.0,12.0,0.06996321479586047,16.712253079490477,-58.003678520413956
2025-04-20T18:48:13,veh1,23.0,4.0,0.05909594728800719,23.423648636335688,-59.09040527119929
2025-04-20T18:48:13,veh10,29.0,11.0,0.10654465738200015,5.621885622343978,-54.34553426179999
2025-04-20T18:48:13,veh100,29.0,12.0,0.11886054119622325,2.892053790122738,-53.11394588037768
2025-04-20T18:48:13,veh101,29.0,9.0,0.11991715524123506,1.6449434390042548,-53.0082844758765
2025-04-20T18:48:13,veh102,27.0,15.0,0.0972643300861512,5.322397094174645,-55.27356699138488
2025-04-20T18:48:13,veh103,25.0,6.0,0.09591396940897895,5.193604193119979,-55.40860305910211
2025-04-20T18:48:13,veh104,30.0,13.0,0.12243805398501004,2.3773538501894427,-52.756194601499
2025-04-20T18:48:13,veh105,25.0,6.0,0.10026960287335802,5.210739758455256,-54.973039712664196
2025-04-20T18:48:13,veh106,29.0,11.0,0.11964377265031081,5.7273355239792325,-53.035622734968925
2025-04-20T18:48:13,veh107,26.0,6.0,0.1125319046646773,4.361746424382403,-53.74680953353227
2025-04-20T18:48:13,veh108,30.0,15.0,0.11580301068757731,5.908748059531887,-53.41969893124228
2025-04-20T18:48:13,veh109,28.0,8.0,0.10258938527163868,9.560323660338176,-54.74106147283614
2025-04-20T18:48:13,veh11,30.0,11.0,0.10585185504019144,9.27643298905815,-54.414814495980856
2025-04-20T18:48:13,veh110,29.0,10.0,0.11320112199871092,7.950260702465888,-53.67988780012891
2025-04-20T18:48:13,veh111,29.0,9.0,0.10748596054324905,7.125846343289662,-54.251403945675094
2025-04-20T20:52:28,veh0,30.0,13.0,0.06880421096423404,17.79438848064567,-58.119578903576596
2025-04-20T20:52:28,veh1,22.0,3.0,0.05909594728800719,23.423648636335688,-59.09040527119929
2025-04-20T20:52:28,veh10,28.0,10.0,0.10542837775573553,6.427402623968221,-54.45716222442645
2025-04-20T20:52:28,veh100,30.0,13.0,0.11701122516768728,3.1541894500526713,-53.29887748323128
2025-04-20T20:52:28,veh101,30.0,10.0,0.1232357644838237,1.6375751715684772,-52.67642355161763
2025-04-20T20:52:28,veh102,28.0,16.0,0.09598037446491935,5.372615973868599,-55.40196255350806
2025-04-20T20:52:28,veh103,24.0,5.0,0.09522001996789936,5.781976058710563,-55.477998003210075
2025-04-20T20:52:28,veh104,29.0,12.0,0.12055925970030135,2.6766258167468595,-52.94407402996987
2025-04-20T20:52:28,veh105,24.0,5.0,0.09890481549307788,5.209237488463014,-55.10951845069222
2025-04-20T20:52:28,veh106,28.0,10.0,0.11938045053829535,5.466227851459838,-53.06195494617047
2025-04-20T20:52:28,veh107,25.0,5.0,0.11137030849382203,4.311288058652586,-53.8629691506178
2025-04-20T20:52:28,veh108,30.0,16.0,0.11631588940367546,5.337636250145326,-53.36841105963246
2025-04-20T20:52:28,veh109,29.0,9.0,0.10013927561898699,8.95730679495841,-54.98607243810131
2025-04-20T20:52:28,veh11,29.0,10.0,0.10031215660071675,9.063622892673232,-54.96878433992832
2025-04-20T20:52:28,veh110,28.0,9.0,0.10987100029454984,7.338252970779767,-54.012899970545014
2025-04-20T20:52:28,veh111,30.0,10.0,0.10109820689007773,6.342036183340863,-54.890179310992224
2025-04-20T22:23:39,veh0,29.0,12.0,0.06880421096423404,17.79438848064567,-58.119578903576596
2025-04-20T22:23:39,veh1,23.0,4.0,0.05909594728800719,23.423648636335688,-59.09040527119929
2025-04-20T22:23:39,veh10,27.0,9.0,0.10444741006265723,7.1257516979832465,-54.55525899373428
2025-04-20T22:23:39,veh100,30.0,14.0,0.1148037314564623,3.2831774914804104,-53.519626854353774
2025-04-20T22:23:39,veh101,30.0,11.0,0.12119533028753306,2.134827597660141,-52.8804669712467
2025-04-20T22:23:39,veh102,29.0,17.0,0.0947409726695176,5.350420639098384,-55.52590273304824
2025-04-20T22:23:39,veh103,23.0,4.0,0.09467225847566449,6.23014407576432,-55.532774152433554
2025-04-20T22:23:39,veh104,28.0,11.0,0.11869271097201298,2.717608329541314,-53.13072890279871
2025-04-20T22:23:39,veh105,25.0,6.0,0.09740128605327941,5.2766602100732705,-55.259871394672054
2025-04-20T22:23:39,veh106,29.0,11.0,0.1241731284790474,4.875087906407284,-52.58268715209526
2025-04-20T22:23:39,veh107,24.0,4.0,0.11049489530906251,4.30039937545924,-53.95051046909375
2025-04-20T22:23:39,veh108,29.0,15.0,0.1220534347299269,4.6092662308306345,-52.79465652700731
2025-04-20T22:23:39,veh109,28.0,8.0,0.10263680058512971,7.907775501891977,-54.73631994148703
2025-04-20T22:23:39,veh11,30.0,11.0,0.10549761277665183,9.73684659889111,-54.450238722334824
2025-04-20T22:23:39,veh110,27.0,8.0,0.11072668323941715,6.6401935912964625,-53.92733167605829
2025-04-20T22:23:39,veh111,30.0,11.0,0.10625902848674845,8.131444423957898,-54.37409715132515
2025-04-20T22:23:39,veh112,30.0,10.0,0.1216941368058861,13.72693650767367,-52.83058631941139
2025-04-20T22:23:39,veh113,30.0,10.0,0.1216941368058861,14.495957864583213,-52.83058631941139
2025-04-21T00:04:25,veh0,28.0,11.0,0.06880421096423404,17.79438848064567,-58.119578903576596
2025-04-21T00:04:25,veh1,22.0,3.0,0.05909594728800719,23.423648636335688,-59.09040527119929
2025-04-21T00:04:25,veh10,26.0,8.0,0.1035930087315414,7.726913967648539,-54.64069912684586
2025-04-21T00:04:25,veh100,30.0,15.0,0.11265843888061244,3.3974371552693765,-53.73415611193876
2025-04-21T00:04:25,veh101,29.0,10.0,0.11951189984545021,2.552124337095303,-53.04881001545498
2025-04-21T00:04:25,veh102,30.0,18.0,0.09355146633387845,5.340913795176943,-55.64485336661215
2025-04-21T00:04:25,veh103,22.0,3.0,0.09426507574113409,6.564163924386856,-55.57349242588659
2025-04-21T00:04:25,veh104,29.0,12.0,0.1168076882634027,2.8276804724962963,-53.31923117365973
2025-04-21T00:04:25,veh105,26.0,7.0,0.0958080236862795,5.257946914685066,-55.41919763137205
2025-04-21T00:04:25,veh106,28.0,10.0,0.1236105386273743,4.264583002774691,-52.63894613726258
2025-04-21T00:04:25,veh107,25.0,5.0,0.10949581419581174,4.286801542548726,-54.05041858041882
2025-04-21T00:04:25,veh108,28.0,14.0,0.12180467225436134,4.190558867203858,-52.81953277456387
2025-04-21T00:04:25,veh109,29.0,9.0,0.10472384736281834,7.011652937200627,-54.52761526371817
2025-04-21T00:04:25,veh11,29.0,10.0,0.10233398751473266,9.146730737649436,-54.76660124852673
2025-04-21T00:04:25,veh110,26.0,7.0,0.11127592762871542,6.3068503502482525,-53.87240723712846
2025-04-21T00:04:25,veh111,30.0,12.0,0.10924220803790965,8.538573377959269,-54.07577919620904
2025-04-21T00:04:25,veh112,30.0,11.0,0.10585185504019144,10.906210553689041,-54.414814495980856
2025-04-21T00:04:25,veh113,29.0,9.0,0.11921307155332879,14.145289921498327,-53.07869284466712
2025-04-21T01:45:40,veh0,29.0,12.0,0.06880421096423404,17.79438848064567,-58.119578903576596
2025-04-21T01:45:40,veh1,23.0,4.0,0.05909594728800719,23.423648636335688,-59.09040527119929
2025-04-21T01:45:40,veh10,27.0,9.0,0.1026613646224157,8.369635627843035,-54.73386353775843
2025-04-21T01:45:40,veh100,29.0,14.0,0.11079708457560511,3.4840908214969235,-53.92029154243949
2025-04-21T01:45:40,veh101,30.0,11.0,0.11786680352248133,2.973612199223217,-53.21331964775187
2025-04-21T01:45:40,veh102,30.0,19.0,0.09241573183157792,5.274425739741621,-55.75842681684221
2025-04-21T01:45:40,veh103,21.0,2.0,0.09426507574113409,6.564163924386856,-55.57349242588659
2025-04-21T01:45:40,veh104,30.0,13.0,0.11532646700695827,2.932155544189575,-53.46735329930418
2025-04-21T01:45:40,veh105,25.0,6.0,0.09453211593936561,5.1647622529378,-55.54678840606344
2025-04-21T01:45:40,veh106,27.0,9.0,0.1231518189074598,3.9496840169168643,-52.684818109254024
2025-04-21T01:45:40,veh107,24.0,4.0,0.10869236619809058,4.8460088510460535,-54.13076338019094
2025-04-21T01:45:40,veh108,27.0,13.0,0.12157866154893282,3.767677631635967,-52.84213384510672
2025-04-21T01:45:40,veh109,28.0,8.0,0.10608274645306066,6.680755595208757,-54.39172535469393
2025-04-21T01:45:40,veh11,30.0,11.0,0.09996013242412355,8.45801707929695,-55.00398675758764
2025-04-21T01:45:40,veh110,25.0,6.0,0.10968793976077428,6.091082872502176,-54.03120602392257
2025-04-21T01:45:40,veh111,29.0,11.0,0.11082735737106832,8.967336556924412,-53.91726426289317
2025-04-21T01:45:40,veh112,29.0,10.0,0.10015896657215427,10.149635517901778,-54.98410334278457
2025-04-21T01:45:40,veh113,30.0,10.0,0.10989982619859343,12.451343949774818,-54.01001738014066
2025-04-21T04:08:32,veh0,28.0,11.0,0.06880421096423404,17.79438848064567,-58.119578903576596
2025-04-21T04:08:32,veh1,22.0,3.0,0.05909594728800719,23.423648636335688,-59.09040527119929
2025-04-21T04:08:32,veh10,26.0,8.0,0.10184927340312204,8.93793162340087,-54.8150726596878
2025-04-21T04:08:32,veh100,30.0,15.0,0.10897709303143746,3.553191771714323,-54.10229069685626
2025-04-21T04:08:32,veh101,29.0,10.0,0.11618204091901643,2.920014457599837,-53.38179590809836
2025-04-21T04:08:32,veh102,30.0,20.0,0.09133637445664135,5.325963309308703,-55.86636255433587
2025-04-21T04:08:32,veh103,22.0,3.0,0.09386311329807202,6.89348272433278,-55.61368867019279
2025-04-21T04:08:32,veh104,30.0,14.0,0.1134793282104049,2.9754445494416735,-53.65206717895952
2025-04-21T04:08:32,veh105,24.0,5.0,0.09352351598979089,5.114900520422262,-55.64764840102091
2025-04-21T04:08:32,veh106,28.0,10.0,0.12109472462551778,3.8497172475689787,-52.89052753744823
2025-04-21T04:08:32,veh107,25.0,5.0,0.10771696626742999,5.508755568436426,-54.228303373257006
2025-04-21T04:08:32,veh108,26.0,12.0,0.11980923363037026,3.875704696622572,-53.01907663696298
2025-04-21T04:08:32,veh109,27.0,7.0,0.1070048736617326,5.896254204016555,-54.299512633826744
2025-04-21T04:08:32,veh11,29.0,10.0,0.10272927773056334,7.144772167985254,-54.72707222694366
2025-04-21T04:08:32,veh110,24.0,5.0,0.1100520243562291,5.561375606118189,-53.994797564377095
2025-04-21T04:08:32,veh111,30.0,12.0,0.1200807372539768,7.479804474149857,-52.99192627460232
2025-04-21T04:08:32,veh112,28.0,9.0,0.09721066766931656,10.02100694934624,-55.27893323306835
2025-04-21T04:08:32,veh113,29.0,9.0,0.11156203903428485,10.775451775943939,-53.843796096571516
2025-04-21T04:08:32,veh114,30.0,10.0,0.1216941368058861,10.799716649429184,-52.83058631941139
2025-04-21T04:08:32,veh116,30.0,10.0,0.1216941368058861,8.35080932105342,-52.83058631941139
2025-04-21T07:05:05,veh0,29.0,12.0,0.06880421096423404,17.79438848064567,-58.119578903576596
2025-04-21T07:05:05,veh1,23.0,4.0,0.05909594728800719,23.423648636335688,-59.09040527119929
2025-04-21T07:05:05,veh10,27.0,9.0,0.10096332721835997,9.563923924747236,-54.903667278164
2025-04-21T07:05:05,veh100,30.0,16.0,0.1072102662879664,3.5161772895395678,-54.278973371203364
2025-04-21T07:05:05,veh101,28.0,9.0,0.11473751887556542,2.8552125123110432,-53.52624811244346
2025-04-21T07:05:05,veh102,29.0,19.0,0.09029772115656992,6.167618581258026,-55.970227884343004
2025-04-21T07:05:05,veh103,23.0,4.0,0.09333845613126439,7.312505254481294,-55.666154386873565
2025-04-21T07:05:05,veh104,29.0,13.0,0.11186395167365108,2.9563613983515675,-53.8136048326349
2025-04-21T07:05:05,veh105,23.0,4.0,0.09281784322904568,5.699954852466501,-55.71821567709543
2025-04-21T07:05:05,veh106,29.0,11.0,0.11911541925767916,3.765045411234144,-53.08845807423208
2025-04-21T07:05:05,veh107,26.0,6.0,0.10658099456030845,6.28902411837245,-54.34190054396916
2025-04-21T07:05:05,veh108,27.0,13.0,0.11811723363165252,4.066208598696679,-53.18827663683475
2025-04-21T07:05:05,veh109,26.0,6.0,0.10764388472845925,5.363384426259498,-54.235611527154084
2025-04-21T07:05:05,veh11,28.0,9.0,0.104512789374185,6.603542773772239,-54.54872106258151
2025-04-21T07:05:05,veh110,23.0,4.0,0.10911285812262518,5.456372859733859,-54.08871418773749
2025-04-21T07:05:05,veh111,30.0,13.0,0.11982353536727042,6.959217515772815,-53.01764646327296
2025-04-21T07:05:05,veh112,29.0,10.0,0.09516609335005669,9.39688235095898,-55.48339066499434
2025-04-21T07:05:05,veh113,30.0,10.0,0.1127080150743493,9.293620698304712,-53.729198492565075
2025-04-21T07:05:05,veh114,29.0,9.0,0.10729520466141362,10.089991280858005,-54.27047953385864
2025-04-21T07:05:05,veh116,30.0,11.0,0.11956860024439805,8.262250286271755,-53.043139975560194
2025-04-21T10:05:42,veh0,28.0,11.0,0.06880421096423404,17.79438848064567,-58.119578903576596
2025-04-21T10:05:42,veh1,22.0,3.0,0.05909594728800719,23.423648636335688,-59.09040527119929
2025-04-21T10:05:42,veh10,28.0,10.0,0.10001129919470737,10.231482145161756,-54.99887008052926
2025-04-21T10:05:42,veh100,29.0,15.0,0.10566109049855008,3.390734634280124,-54.43389095014499
2025-04-21T10:05:42,veh101,27.0,8.0,0.11350485387902236,2.8049030264513917,-53.64951461209777
2025-04-21T10:05:42,veh102,30.0,20.0,0.08936414228077044,6.243091590816337,-56.063585771922966
2025-04-21T10:05:42,veh103,22.0,3.0,0.09333845613126439,7.312505254481294,-55.666154386873565
2025-04-21T10:05:42,veh104,30.0,14.0,0.1102561023227747,2.941242830403785,-53.97438976772253
2025-04-21T10:05:42,veh105,22.0,3.0,0.09281784322904568,5.699954852466501,-55.71821567709543
2025-04-21T10:05:42,veh106,28.0,10.0,0.11748685305993496,3.701060474309728,-53.2513146940065
2025-04-21T10:05:42,veh107,25.0,5.0,0.10565539862571717,6.927405632368723,-54.43446013742829
2025-04-21T10:05:42,veh108,28.0,14.0,0.11651433099337183,4.216634265837602,-53.34856690066282
2025-04-21T10:05:42,veh109,25.0,5.0,0.10665307050971418,5.355721676241254,-54.334692949028586
2025-04-21T10:05:42,veh11,27.0,8.0,0.10308274611820106,6.147837214706613,-54.691725388179904
2025-04-21T10:05:42,veh110,24.0,5.0,0.10804892389344524,5.40714951744249,-54.19510761065548
2025-04-21T10:05:42,veh111,29.0,12.0,0.11960146057058964,6.638717677396323,-53.039853942941036
2025-04-21T10:05:42,veh112,28.0,9.0,0.09390571561588935,8.712327600741222,-55.609428438411065
2025-04-21T10:05:42,veh113,30.0,11.0,0.11366750306117505,8.22624467241785,-53.633249693882505
2025-04-21T10:05:42,veh114,28.0,8.0,0.10157883473909124,9.39718256230835,-54.84211652609088
2025-04-21T10:05:42,veh116,30.0,12.0,0.10998493521455784,8.06100620443278,-54.001506478544215
2025-04-21T12:13:06,veh0,29.0,12.0,0.06880421096423404,17.79438848064567,-58.119578903576596
2025-04-21T12:13:06,veh1,23.0,4.0,0.05909594728800719,23.423648636335688,-59.09040527119929
2025-04-21T12:13:06,veh10,29.0,11.0,0.09899216688417106,10.933273616601237,-55.1007833115829
2025-04-21T12:13:06,veh100,28.0,14.0,0.10429770326159334,3.2978802708559685,-54.570229673840664
2025-04-21T12:13:06,veh101,28.0,9.0,0.11219776561551094,2.7571067852873217,-53.78022343844891
2025-04-21T12:13:06,veh102,29.0,19.0,0.08842071844650977,7.001753894390723,-56.157928155349026
2025-04-21T12:13:06,veh103,21.0,2.0,0.09333845613126439,7.312505254481294,-55.666154386873565
2025-04-21T12:13:06,veh104,30.0,15.0,0.10866877348048694,3.0123810940067948,-54.133122651951304
2025-04-21T12:13:06,veh105,23.0,4.0,0.09281784322904568,5.699954852466501,-55.71821567709543
2025-04-21T12:13:06,veh106,27.0,9.0,0.11583329671528735,3.7673296592611494,-53.41667032847127
2025-04-21T12:13:06,veh107,26.0,6.0,0.1045805205171917,7.65158674036641,-54.541947948280836
2025-04-21T12:13:06,veh108,27.0,13.0,0.1147799118309009,4.155434489362718,-53.52200881690992
2025-04-21T12:13:06,veh109,24.0,4.0,0.10557950297271915,5.363243160447351,-54.44204970272809
2025-04-21T12:13:06,veh11,26.0,7.0,0.10416609208041912,5.536456777616812,-54.58339079195809
2025-04-21T12:13:06,veh110,25.0,6.0,0.1069090062439792,5.285361757216024,-54.30909937560209
2025-04-21T12:13:06,veh111,30.0,13.0,0.12482380003992607,6.080277425421493,-52.51761999600739
2025-04-21T12:13:06,veh112,29.0,10.0,0.09802229270372773,7.241393780513742,-55.19777072962723
2025-04-21T12:13:06,veh113,29.0,10.0,0.11420882449398666,7.223777943666873,-53.57911755060134
2025-04-21T12:13:06,veh114,27.0,7.0,0.09859142524631011,9.69517605241199,-55.14085747536899
2025-04-21T12:13:06,veh115,30.0,10.0,0.1216941368058861,10.84847595017702,-52.83058631941139
2025-04-21T12:13:06,veh116,30.0,13.0,0.11252125530255831,8.800943090313924,-53.747874469744175
2025-04-21T12:13:06,veh118,30.0,10.0,0.1216941368058861,12.852448975370859,-52.83058631941139
2025-04-21T14:16:40,veh0,28.0,11.0,0.06880421096423404,17.79438848064567,-58.119578903576596
2025-04-21T14:16:40,veh1,22.0,3.0,0.05909594728800719,23.423648636335688,-59.09040527119929
2025-04-21T14:16:40,veh10,30.0,12.0,0.09792143227768652,11.696765874018453,-55.207856772231345
2025-04-21T14:16:40,veh100,29.0,15.0,0.102951771837518,3.2223714773595136,-54.704822816248196
2025-04-21T14:16:40,veh101,29.0,10.0,0.11083537068455829,2.6979215851887033,-53.916462931544174
2025-04-21T14:16:40,veh102,28.0,18.0,0.08755156090986603,7.693485115408592,-56.2448439090134
2025-04-21T14:16:40,veh103,20.0,1.0,0.09333845613126439,7.312505254481294,-55.666154386873565
2025-04-21T14:16:40,veh104,29.0,14.0,0.10726856077933722,3.099333726871126,-54.27314392206628
2025-04-21T14:16:40,veh105,22.0,3.0,0.09281784322904568,5.699954852466501,-55.71821567709543
2025-04-21T14:16:40,veh106,26.0,8.0,0.11443091982829176,3.82153558525239,-53.55690801717083
2025-04-21T14:16:40,veh107,27.0,7.0,0.10337254617540605,8.479762409214986,-54.6627453824594
2025-04-21T14:16:40,veh108,28.0,14.0,0.11305383673763723,4.019106390322035,-53.69461632623628
2025-04-21T14:16:40,veh109,23.0,3.0,0.10495573413831522,5.7746733370085765,-54.50442658616848
2025-04-21T14:16:40,veh11,25.0,6.0,0.10493682249470453,5.046523455176571,-54.506317750529554
2025-04-21T14:16:40,veh110,24.0,5.0,0.10563404439087266,5.3268784109303065,-54.436595560912735
2025-04-21T14:16:40,veh111,29.0,12.0,0.12843664510857614,5.599502605789111,-52.15633548914239
2025-04-21T14:16:40,veh112,28.0,9.0,0.10060607898145349,6.308310260804299,-54.93939210185466
2025-04-21T14:16:40,veh113,28.0,9.0,0.11452942266151167,6.616798149670951,-53.54705773384884
2025-04-21T14:16:40,veh114,28.0,8.0,0.09637671443538359,9.682969929225663,-55.362328556461634
2025-04-21T14:16:40,veh115,30.0,11.0,0.1192856558191216,11.06114147219644,-53.07143441808784
2025-04-21T14:16:40,veh116,30.0,14.0,0.11404947812111012,8.930280928580826,-53.59505218788899
2025-04-21T14:16:40,veh118,30.0,11.0,0.10585185504019144,10.676094830793568,-54.414814495980856
2025-04-21T17:50:39,veh0,29.0,12.0,0.06880421096423404,17.79438848064567,-58.119578903576596
2025-04-21T17:50:39,veh1,23.0,4.0,0.05909594728800719,23.423648636335688,-59.09040527119929
2025-04-21T17:50:39,veh10,30.0,13.0,0.09680691346629444,12.484315214462493,-55.319308653370555
2025-04-21T17:50:39,veh100,28.0,14.0,0.10176053724750836,3.1417991027341143,-54.82394627524917
2025-04-21T17:50:39,veh101,30.0,11.0,0.10943573344361844,2.632017137151846,-54.056426655638155
2025-04-21T17:50:39,veh102,27.0,17.0,0.0867512325563816,8.324988709964138,-56.32487674436184
2025-04-21T17:50:39,veh103,19.0,1.0,0.09333845613126439,7.312505254481294,-55.666154386873565
2025-04-21T17:50:39,veh104,30.0,15.0,0.10588089272733057,3.274954922630229,-54.41191072726694
2025-04-21T17:50:39,veh105,23.0,4.0,0.09281784322904568,5.699954852466501,-55.71821567709543
2025-04-21T17:50:39,veh106,25.0,7.0,0.11352600440197819,4.313522262297651,-53.64739955980218
2025-04-21T17:50:39,veh107,26.0,6.0,0.10236355028143462,9.147568964077182,-54.76364497185654
2025-04-21T17:50:39,veh108,27.0,13.0,0.1115382870452766,3.956586594680984,-53.846171295472345
2025-04-21T17:50:39,veh109,22.0,2.0,0.1045434914986159,6.047550633111668,-54.545650850138415
2025-04-21T17:50:39,veh11,26.0,7.0,0.10574260915287788,4.561604455927204,-54.42573908471221
2025-04-21T17:50:39,veh110,25.0,6.0,0.10420644925037197,5.442235325703794,-54.57935507496281
2025-04-21T17:50:39,veh111,30.0,13.0,0.13155421711884535,5.0112288612599185,-51.844578288115464
2025-04-21T17:50:39,veh112,29.0,10.0,0.10280557886368696,5.803212021301477,-54.71944211363131
2025-04-21T17:50:39,veh113,27.0,8.0,0.11472102606728757,6.198096521583837,-53.52789739327124
2025-04-21T17:50:39,veh114,29.0,9.0,0.09473022728450557,9.106435827579805,-55.52697727154945
2025-04-21T17:50:39,veh115,29.0,10.0,0.11060687041933447,10.382909929782324,-53.93931295806655
2025-04-21T17:50:39,veh116,30.0,15.0,0.11510423456245304,8.85535361829368,-53.4895765437547
2025-04-21T17:50:39,veh118,30.0,12.0,0.09962288145059714,9.168991033077752,-55.037711854940284
2025-04-21T19:17:08,veh0,28.0,11.0,0.06880421096423404,17.79438848064567,-58.119578903576596
2025-04-21T19:17:08,veh1,22.0,3.0,0.05909594728800719,23.423648636335688,-59.09040527119929
2025-04-21T19:17:08,veh10,29.0,12.0,0.0958070229857145,13.206342357270355,-55.41929770142855
2025-04-21T19:17:08,veh100,29.0,15.0,0.1005803896976469,3.070724121419813,-54.94196103023531
2025-04-21T19:17:08,veh101,29.0,10.0,0.1084543067873028,3.290623618859262,-54.15456932126972
2025-04-21T19:17:08,veh102,28.0,18.0,0.0859375532397423,9.005069073672734,-56.40624467602577
2025-04-21T19:17:08,veh103,20.0,2.0,0.09307611792662669,7.524299042254632,-55.69238820733733
2025-04-21T19:17:08,veh104,30.0,16.0,0.10451559149893366,3.4691919372981634,-54.54844085010664
2025-04-21T19:17:08,veh105,24.0,5.0,0.09281784322904568,5.699954852466501,-55.71821567709543
2025-04-21T19:17:08,veh106,24.0,6.0,0.11352600440197819,4.313522262297651,-53.64739955980218
2025-04-21T19:17:08,veh107,25.0,5.0,0.10153984028525409,9.672572905652459,-54.84601597147459
2025-04-21T19:17:08,veh108,26.0,12.0,0.11020607992535292,3.898285134123135,-53.97939200746471
2025-04-21T19:17:08,veh109,21.0,1.0,0.1045434914986159,6.047550633111668,-54.545650850138415
2025-04-21T19:17:08,veh11,25.0,6.0,0.10439360863101453,4.826947700073791,-54.560639136898544
2025-04-21T19:17:08,veh110,24.0,5.0,0.10307198415926652,5.564329975227148,-54.69280158407335
2025-04-21T19:17:08,veh111,30.0,14.0,0.13680912272201762,3.8895246327835493,-51.31908772779824
2025-04-21T19:17:08,veh112,28.0,9.0,0.10953703583889428,5.3249984743688525,-54.04629641611057
2025-04-21T19:17:08,veh113,26.0,7.0,0.11483234953871099,5.511605169077844,-53.5167650461289
2025-04-21T19:17:08,veh114,30.0,10.0,0.09917102793571081,7.875098269411616,-55.08289720642892
2025-04-21T19:17:08,veh115,30.0,11.0,0.11241400534414493,9.54282968529066,-53.75859946558551
2025-04-21T19:17:08,veh116,29.0,14.0,0.1156966414347663,7.668589413176094,-53.43033585652337
2025-04-21T19:17:08,veh117,30.0,10.0,0.1216941368058861,10.375925343865124,-52.83058631941139
2025-04-21T19:17:08,veh118,29.0,11.0,0.10480320932293517,9.19511018979632,-54.519679067706484
2025-04-21T19:17:08,veh119,30.0,10.0,0.1216941368058861,10.993967891754206,-52.83058631941139
2025-04-21T21:20:53,veh0,29.0,12.0,0.06880421096423404,17.79438848064567,-58.119578903576596
2025-04-21T21:20:53,veh1,23.0,4.0,0.05909594728800719,23.423648636335688,-59.09040527119929
2025-04-21T21:20:53,veh10,30.0,13.0,0.09476523780254902,13.984941295331051,-55.523476219745106
2025-04-21T21:20:53,veh100,30.0,16.0,0.09941978921926851,3.079214273944764,-55.058021078073146
2025-04-21T21:20:53,veh101,28.0,9.0,0.1075876123299091,3.8793295650170805,-54.241238767009094
2025-04-21T21:20:53,veh102,29.0,19.0,0.08511408585980651,9.701184329285763,-56.48859141401935
2025-04-21T21:20:53,veh103,19.0,1.0,0.09294494645444604,7.634008344090842,-55.7055053545554
2025-04-21T21:20:53,veh104,29.0,15.0,0.10330140544038025,3.6623689314913643,-54.669859455961976
2025-04-21T21:20:53,veh105,23.0,4.0,0.09281784322904568,5.699954852466501,-55.71821567709543
2025-04-21T21:20:53,veh106,23.0,5.0,0.11352600440197819,4.313522262297651,-53.64739955980218
2025-04-21T21:20:53,veh107,24.0,4.0,0.10089101723005145,10.089080964149598,-54.91089827699486
2025-04-21T21:20:53,veh108,27.0,13.0,0.10885905572426047,3.8935116908619296,-54.11409442757395
2025-04-21T21:20:53,veh109,20.0,1.0,0.1045434914986159,6.047550633111668,-54.545650850138415
2025-04-21T21:20:53,veh11,24.0,5.0,0.1033169971850157,5.030141551545426,-54.668300281498425
2025-04-21T21:20:53,veh110,25.0,6.0,0.10179823014715762,5.678778724184045,-54.82017698528424
2025-04-21T21:20:53,veh111,30.0,15.0,0.13894447628921094,3.294185740079339,-51.10555237107891
2025-04-21T21:20:53,veh112,27.0,8.0,0.11012585667008613,4.730881051331176,-53.98741433299139
2025-04-21T21:20:53,veh113,25.0,6.0,0.11343110739286213,5.539981716769495,-53.65688926071379
2025-04-21T21:20:53,veh114,29.0,9.0,0.10184124267500153,7.052961362968811,-54.815875732499855
2025-04-21T21:20:53,veh115,29.0,10.0,0.11339446700984741,8.922715108566559,-53.660553299015255
2025-04-21T21:20:53,veh116,30.0,15.0,0.11620391880181427,7.11328902410692,-53.37960811981858
2025-04-21T21:20:53,veh117,30.0,11.0,0.1192856558191216,9.691302619320103,-53.07143441808784
2025-04-21T21:20:53,veh118,30.0,12.0,0.10795594691016155,8.331927015818863,-54.20440530898385
2025-04-21T21:20:53,veh119,29.0,9.0,0.10729520466141362,10.347182545912377,-54.27047953385864
2025-04-21T23:25:51,veh0,28.0,11.0,0.06880421096423404,17.79438848064567,-58.119578903576596
2025-04-21T23:25:51,veh1,22.0,3.0,0.05909594728800719,23.423648636335688,-59.09040527119929
2025-04-21T23:25:51,veh10,29.0,12.0,0.09382938014212358,14.669878693981573,-55.61706198578764
2025-04-21T23:25:51,veh100,29.0,15.0,0.09838418964212742,3.09887697473381,-55.16158103578726
2025-04-21T23:25:51,veh101,27.0,8.0,0.1075876123299091,3.8793295650170805,-54.241238767009094
2025-04-21T23:25:51,veh102,28.0,18.0,0.08435326792316186,10.343302034540951,-56.56467320768381
2025-04-21T23:25:51,veh103,18.0,1.0,0.09281432612290481,7.743821115047437,-55.71856738770952
2025-04-21T23:25:51,veh104,30.0,16.0,0.10210263037666761,3.877434082470447,-54.789736962333244
2025-04-21T23:25:51,veh105,22.0,3.0,0.09281784322904568,5.699954852466501,-55.71821567709543
2025-04-21T23:25:51,veh106,22.0,4.0,0.11352600440197819,4.313522262297651,-53.64739955980218
2025-04-21T23:25:51,veh107,23.0,3.0,0.10089101723005145,10.089080964149598,-54.91089827699486
2025-04-21T23:25:51,veh108,26.0,12.0,0.10767023514070106,3.8890760721641326,-54.232976485929896
2025-04-21T23:25:51,veh109,21.0,2.0,0.1045434914986159,6.047550633111668,-54.545650850138415
2025-04-21T23:25:51,veh11,23.0,4.0,0.10263081036222489,5.530047348335246,-54.73691896377751
2025-04-21T23:25:51,veh110,24.0,5.0,0.10094920778112987,6.323743677529548,-54.90507922188701
2025-04-21T23:25:51,veh111,30.0,16.0,0.13597346307334066,3.333241691658816,-51.402653692665936
2025-04-21T23:25:51,veh112,28.0,9.0,0.11075027601687565,4.173237211225215,-53.92497239831244
2025-04-21T23:25:51,veh113,26.0,7.0,0.1119760261237333,5.588712002353705,-53.80239738762668
2025-04-21T23:25:51,veh114,28.0,8.0,0.10357562384510302,6.508594752328072,-54.642437615489705
2025-04-21T23:25:51,veh115,28.0,9.0,0.11015954823160902,8.3241823685359,-53.9840451768391
2025-04-21T23:25:51,veh116,30.0,16.0,0.11665210942441659,6.561454532452097,-53.33478905755834
2025-04-21T23:25:51,veh117,29.0,10.0,0.11074527895391284,8.60110736018455,-53.925472104608716
2025-04-21T23:25:51,veh118,30.0,13.0,0.10471610583191676,7.907517864219973,-54.52838941680833
2025-04-21T23:25:51,veh119,30.0,10.0,0.10080378197229514,9.758713943826564,-54.91962180277049
2025-04-22T01:56:39,veh0,29.0,12.0,0.06880421096423404,17.79438848064567,-58.119578903576596
2025-04-22T01:56:39,veh1,23.0,4.0,0.05909594728800719,23.423648636335688,-59.09040527119929
2025-04-22T01:56:39,veh10,30.0,13.0,0.09285343972555586,15.407774858181844,-55.71465602744442
2025-04-22T01:56:39,veh100,30.0,16.0,0.09736249114757332,3.1879426501614216,-55.26375088524267
2025-04-22T01:56:39,veh101,26.0,7.0,0.1075876123299091,3.8793295650170805,-54.241238767009094
2025-04-22T01:56:39,veh102,27.0,17.0,0.08363756956150925,10.968154703717408,-56.63624304384908
2025-04-22T01:56:39,veh103,19.0,2.0,0.092556376229638,7.964107265470586,-55.744362377036204
2025-04-22T01:56:39,veh104,29.0,15.0,0.10103125705437949,4.081922607687588,-54.896874294562046
2025-04-22T01:56:39,veh105,23.0,4.0,0.09281784322904568,5.699954852466501,-55.71821567709543
2025-04-22T01:56:39,veh106,23.0,5.0,0.11352600440197819,4.313522262297651,-53.64739955980218
2025-04-22T01:56:39,veh107,22.0,2.0,0.10089101723005145,10.089080964149598,-54.91089827699486
2025-04-22T01:56:39,veh108,27.0,13.0,0.10646515255244736,3.8794901119455054,-54.353484744755264
2025-04-22T01:56:39,veh109,20.0,1.0,0.1045434914986159,6.047550633111668,-54.545650850138415
2025-04-22T01:56:39,veh11,24.0,5.0,0.1016238762616806,5.699334932956266,-54.837612373831945
2025-04-22T01:56:39,veh110,23.0,4.0,0.10028096913545086,6.815822117117256,-54.97190308645492
2025-04-22T01:56:39,veh111,29.0,15.0,0.13347421473967327,3.3245098943015625,-51.65257852603268
2025-04-22T01:56:39,veh112,27.0,8.0,0.10942547847344597,4.093448082414835,-54.05745215265541
2025-04-22T01:56:39,veh113,27.0,8.0,0.11051148237939411,5.62954739004575,-53.94885176206059
2025-04-22T01:56:39,veh114,27.0,7.0,0.10475412002863621,5.712168244859456,-54.52458799713638
2025-04-22T01:56:39,veh115,29.0,10.0,0.11123241500259211,7.175134747702588,-53.876758499740795
2025-04-22T01:56:39,veh116,29.0,15.0,0.12224811808493716,5.955376675491288,-52.77518819150628
2025-04-22T01:56:39,veh117,28.0,9.0,0.11222200086081414,8.574239468559256,-53.77779991391859
2025-04-22T01:56:39,veh118,30.0,14.0,0.10736990033524697,7.056376917527077,-54.26300996647531
2025-04-22T01:56:39,veh119,30.0,11.0,0.1060564808482739,8.292807073601569,-54.394351915172614
2025-04-22T01:56:39,veh12,30.0,10.0,0.1216941368058861,8.781348189719079,-52.83058631941139
2025-04-22T01:56:39,veh120,30.0,10.0,0.1216941368058861,9.440025561288888,-52.83058631941139
2025-04-22T04:14:24,veh0,28.0,11.0,0.06880421096423404,17.79438848064567,-58.119578903576596
2025-04-22T04:14:24,veh1,22.0,3.0,0.05909594728800719,23.423648636335688,-59.09040527119929
2025-04-22T04:14:24,veh10,30.0,14.0,0.09183742793209036,16.179433031823493,-55.816257206790965
2025-04-22T04:14:24,veh100,30.0,17.0,0.09636116933626537,3.2531325981942634,-55.36388306637347
2025-04-22T04:14:24,veh101,27.0,8.0,0.1075876123299091,3.8793295650170805,-54.241238767009094
2025-04-22T04:14:24,veh102,26.0,16.0,0.08297841500077308,11.581055095079158,-56.702158499922696
2025-04-22T04:14:24,veh103,20.0,3.0,0.09217593480589878,8.297408673861273,-55.782406519410124
2025-04-22T04:14:24,veh104,28.0,14.0,0.10007237125675161,4.277662275440358,-54.99276287432484
2025-04-22T04:14:24,veh105,24.0,5.0,0.0919637522315463,6.3953040197133,-55.803624776845375
2025-04-22T04:14:24,veh106,22.0,4.0,0.11352600440197819,4.313522262297651,-53.64739955980218
2025-04-22T04:14:24,veh107,23.0,3.0,0.10089101723005145,10.089080964149598,-54.91089827699486
2025-04-22T04:14:24,veh108,28.0,14.0,0.10525472257206815,3.8615557298833196,-54.474527742793185
2025-04-22T04:14:24,veh109,19.0,1.0,0.1045434914986159,6.047550633111668,-54.545650850138415
2025-04-22T04:14:24,veh11,23.0,4.0,0.10097578036729073,6.145113725194221,-54.90242196327093
2025-04-22T04:14:24,veh110,24.0,5.0,0.0994683762104585,7.425666381551048,-55.053162378954156
2025-04-22T04:14:24,veh111,30.0,16.0,0.13111348100676307,3.4389532398500378,-51.888651899323705
2025-04-22T04:14:24,veh112,26.0,7.0,0.10793418514605052,4.263703071123102,-54.20658148539494
2025-04-22T04:14:24,veh113,26.0,7.0,0.10892112590306936,5.528391747616291,-54.10788740969307
2025-04-22T04:14:24,veh114,28.0,8.0,0.10589250438447056,5.011858895397638,-54.41074956155294
2025-04-22T04:14:24,veh115,28.0,9.0,0.11191006081084046,6.5592421672058485,-53.80899391891596
2025-04-22T04:14:24,veh116,28.0,14.0,0.12192045612636712,5.396309271088273,-52.80795438736329
2025-04-22T04:14:24,veh117,29.0,10.0,0.10799037133923327,8.152751619512003,-54.20096286607667
2025-04-22T04:14:24,veh118,29.0,13.0,0.10901423616530515,6.722281538046451,-54.098576383469485
2025-04-22T04:14:24,veh119,30.0,12.0,0.1090911010695239,7.106726621387772,-54.09088989304761
2025-04-22T04:14:24,veh12,29.0,9.0,0.10748596054324905,7.926056548408191,-54.251403945675094
2025-04-22T04:14:24,veh120,30.0,11.0,0.10611339029032502,8.487737057588445,-54.38866097096751
2025-04-22T06:06:07,veh0,29.0,12.0,0.06880421096423404,17.79438848064567,-58.119578903576596
2025-04-22T06:06:07,veh1,23.0,4.0,0.05909594728800719,23.423648636335688,-59.09040527119929
2025-04-22T06:06:07,veh10,29.0,13.0,0.09092027135674191,16.86040362781332,-55.90797286432581
2025-04-22T06:06:07,veh100,29.0,16.0,0.09546072657604904,3.3215508352146403,-55.45392734239509
2025-04-22T06:06:07,veh101,26.0,7.0,0.1075876123299091,3.8793295650170805,-54.241238767009094
2025-04-22T06:06:07,veh102,27.0,17.0,0.08230264063709425,12.234613917078063,-56.76973593629058
2025-04-22T06:06:07,veh103,19.0,2.0,0.09192329864368859,8.531499703614875,-55.80767013563115
2025-04-22T06:06:07,veh104,27.0,13.0,0.09929982803112793,4.856110801084376,-55.070017196887214
2025-04-22T06:06:07,veh105,25.0,6.0,0.09097673692097731,7.190564048420697,-55.90232630790227
2025-04-22T06:06:07,veh106,23.0,5.0,0.11352600440197819,4.313522262297651,-53.64739955980218
2025-04-22T06:06:07,veh107,22.0,2.0,0.10089101723005145,10.089080964149598,-54.91089827699486
2025-04-22T06:06:07,veh108,29.0,15.0,0.10404874184879036,3.840430358923628,-54.59512581512097
2025-04-22T06:06:07,veh109,20.0,2.0,0.1045434914986159,6.047550633111668,-54.545650850138415
2025-04-22T06:06:07,veh11,24.0,5.0,0.10018695761141486,6.6954669946767185,-54.98130423885852
2025-04-22T06:06:07,veh110,23.0,4.0,0.0988284254180823,7.8899471508637244,-55.11715745819177
2025-04-22T06:06:07,veh111,29.0,15.0,0.12894685939214223,3.572643767944944,-52.10531406078578
2025-04-22T06:06:07,veh112,27.0,8.0,0.10635613087383249,4.374817414474439,-54.36438691261676
2025-04-22T06:06:07,veh113,27.0,8.0,0.10723936189405509,5.411098359288915,-54.276063810594486
2025-04-22T06:06:07,veh114,27.0,7.0,0.10669333364289439,4.423466341174426,-54.330666635710564
2025-04-22T06:06:07,veh115,29.0,10.0,0.112538474861108,5.968343106375191,-53.7461525138892
2025-04-22T06:06:07,veh116,27.0,13.0,0.12163719954836712,4.80485865382349,-52.836280045163285
2025-04-22T06:06:07,veh117,28.0,9.0,0.10517903731992381,7.719582005981099,-54.482096268007616
2025-04-22T06:06:07,veh118,30.0,14.0,0.11036282001262207,6.243769538121968,-53.96371799873779
2025-04-22T06:06:07,veh119,29.0,11.0,0.10584112667161388,6.425041914206477,-54.41588733283862
2025-04-22T06:06:07,veh12,30.0,10.0,0.10109820689007773,7.035703909880468,-54.890179310992224
2025-04-22T06:06:07,veh120,30.0,12.0,0.1000064889579012,7.552766039936012,-54.99935110420988
2025-04-22T08:30:09,veh0,28.0,11.0,0.06880421096423404,17.79438848064567,-58.119578903576596
2025-04-22T08:30:09,veh1,22.0,3.0,0.05909594728800719,23.423648636335688,-59.09040527119929
2025-04-22T08:30:09,veh10,30.0,14.0,0.08997015638986283,17.59384139107198,-56.002984361013716
2025-04-22T08:30:09,veh100,30.0,17.0,0.09457572792753303,3.408696619899288,-55.5424272072467
2025-04-22T08:30:09,veh101,27.0,8.0,0.1075876123299091,3.8793295650170805,-54.241238767009094
2025-04-22T08:30:09,veh102,28.0,18.0,0.08161322484835845,12.968021642506129,-56.83867751516416
2025-04-22T08:30:09,veh103,20.0,3.0,0.09155067911269948,8.904297470325739,-55.84493208873005
2025-04-22T08:30:09,veh104,26.0,12.0,0.09859817504767251,5.369414943778942,-55.14018249523275
2025-04-22T08:30:09,veh105,24.0,5.0,0.09017360628652678,7.822924966389824,-55.98263937134732
2025-04-22T08:30:09,veh106,22.0,4.0,0.11352600440197819,4.313522262297651,-53.64739955980218
2025-04-22T08:30:09,veh107,23.0,3.0,0.10089101723005145,10.089080964149598,-54.91089827699486
2025-04-22T08:30:09,veh108,30.0,16.0,0.10285585076129124,3.822625745314556,-54.714414923870876
2025-04-22T08:30:09,veh109,19.0,1.0,0.1045434914986159,6.047550633111668,-54.545650850138415
2025-04-22T08:30:09,veh11,23.0,4.0,0.10018695761141486,6.6954669946767185,-54.98130423885852
2025-04-22T08:30:09,veh110,24.0,5.0,0.0980499684530707,8.441969581032174,-55.195003154692934
2025-04-22T08:30:09,veh111,28.0,14.0,0.12703402880496037,3.628604485545223,-52.296597119503964
2025-04-22T08:30:09,veh112,28.0,9.0,0.1047234639138475,4.488170521477257,-54.52765360861525
2025-04-22T08:30:09,veh113,26.0,7.0,0.10584840921535184,5.365790729428646,-54.41515907846481
2025-04-22T08:30:09,veh114,26.0,6.0,0.10568461412337662,4.380358488016894,-54.431538587662345
2025-04-22T08:30:09,veh115,30.0,11.0,0.11852348164292154,5.277674033789912,-53.14765183570784
2025-04-22T08:30:09,veh116,28.0,14.0,0.12146257339502012,4.383434417952312,-52.85374266049799
2025-04-22T08:30:09,veh117,27.0,8.0,0.10669873551431708,6.931768552124636,-54.33012644856829
2025-04-22T08:30:09,veh118,29.0,13.0,0.11127641002498335,5.3330059117782245,-53.87235899750167
2025-04-22T08:30:09,veh119,30.0,12.0,0.10800364601345067,5.670746264262006,-54.199635398654934
2025-04-22T08:30:09,veh12,30.0,11.0,0.10625902848674845,7.227228731972362,-54.37409715132515
2025-04-22T08:30:09,veh120,29.0,11.0,0.10507649833140668,7.815551990985138,-54.49235016685934
2025-04-22T08:30:09,veh121,30.0,10.0,0.1216941368058861,10.518449310974386,-52.83058631941139
2025-04-22T08:30:09,veh122,30.0,10.0,0.1216941368058861,10.874620050488776,-52.83058631941139
2025-04-22T10:50:01,veh0,29.0,12.0,0.06880421096423404,17.79438848064567,-58.119578903576596
2025-04-22T10:50:01,veh1,23.0,4.0,0.05909594728800719,23.423648636335688,-59.09040527119929
2025-04-22T10:50:01,veh10,29.0,13.0,0.08911137809735171,18.243368379936353,-56.088862190264834
2025-04-22T10:50:01,veh100,29.0,16.0,0.09377611851269188,3.500902023931987,-55.62238814873082
2025-04-22T10:50:01,veh101,26.0,7.0,0.1075876123299091,3.8793295650170805,-54.241238767009094
2025-04-22T10:50:01,veh102,27.0,17.0,0.08097611412768277,13.70513570436227,-56.90238858723172
2025-04-22T10:50:01,veh103,19.0,2.0,0.0913031939590906,9.169115588430058,-55.869680604090945
2025-04-22T10:50:01,veh104,27.0,13.0,0.0978525315598148,5.927436860110994,-55.21474684401853
2025-04-22T10:50:01,veh105,25.0,6.0,0.0892448067282122,8.579211689596933,-56.07551932717878
2025-04-22T10:50:01,veh106,23.0,5.0,0.11352600440197819,4.313522262297651,-53.64739955980218
2025-04-22T10:50:01,veh107,22.0,2.0,0.10089101723005145,10.089080964149598,-54.91089827699486
2025-04-22T10:50:01,veh108,30.0,17.0,0.1016835340131913,3.8067390510644454,-54.83164659868087
2025-04-22T10:50:01,veh109,18.0,1.0,0.1045434914986159,6.047550633111668,-54.545650850138415
2025-04-22T10:50:01,veh11,24.0,5.0,0.10018695761141486,6.6954669946767185,-54.98130423885852
2025-04-22T10:50:01,veh110,23.0,4.0,0.0980499684530707,8.441969581032174,-55.195003154692934
2025-04-22T10:50:01,veh111,27.0,13.0,0.1253432002779273,3.672130618537155,-52.46567997220727
2025-04-22T10:50:01,veh112,29.0,10.0,0.10306531927664223,4.525928356755329,-54.69346807233578
2025-04-22T10:50:01,veh113,25.0,6.0,0.10470929544910439,5.374468690684896,-54.52907045508957
2025-04-22T10:50:01,veh114,25.0,5.0,0.1045050948193065,4.444769387287074,-54.549490518069355
2025-04-22T10:50:01,veh115,30.0,12.0,0.1234565361371781,4.721767228422919,-52.65434638628219
2025-04-22T10:50:01,veh116,29.0,15.0,0.11955581498665861,4.188989517293428,-53.04441850133414
2025-04-22T10:50:01,veh117,26.0,7.0,0.1049983209778893,6.788276357223735,-54.500167902211075
2025-04-22T10:50:01,veh118,28.0,12.0,0.11191725649588462,4.69461077771057,-53.808274350411544
2025-04-22T10:50:01,veh119,30.0,13.0,0.10967841027926946,5.327892769730953,-54.03215897207305
2025-04-22T10:50:01,veh12,30.0,12.0,0.10924220803790965,6.583450092645837,-54.07577919620904
2025-04-22T10:50:01,veh120,28.0,10.0,0.10208563364286932,7.037753971721799,-54.79143663571306
2025-04-22T10:50:01,veh121,29.0,9.0,0.10729520466141362,9.014915329612021,-54.27047953385864
2025-04-22T10:50:01,veh122,30.0,11.0,0.1192856558191216,10.197677958887734,-53.07143441808784
2025-04-22T12:42:12,veh0,28.0,11.0,0.06880421096423404,17.79438848064567,-58.119578903576596
2025-04-22T12:42:12,veh1,22.0,3.0,0.05909594728800719,23.423648636335688,-59.09040527119929
2025-04-22T12:42:12,veh10,30.0,14.0,0.08822095588192135,18.912816311148426,-56.177904411807866
2025-04-22T12:42:12,veh100,28.0,15.0,0.09304991003713259,4.238461248867178,-55.695008996286745
2025-04-22T12:42:12,veh101,27.0,8.0,0.1075876123299091,3.8793295650170805,-54.241238767009094
2025-04-22T12:42:12,veh102,28.0,18.0,0.08032572844445525,14.618893230164389,-56.967427155554475
2025-04-22T12:42:12,veh103,20.0,3.0,0.09093815775133722,9.627218140644372,-55.90618422486629
2025-04-22T12:42:12,veh104,26.0,12.0,0.09717546069634896,6.422060557279599,-55.28245393036511
2025-04-22T12:42:12,veh105,24.0,5.0,0.0884882029233967,9.18005416887182,-56.15117970766034
2025-04-22T12:42:12,veh106,22.0,4.0,0.11352600440197819,4.313522262297651,-53.64739955980218
2025-04-22T12:42:12,veh107,23.0,3.0,0.10089101723005145,10.089080964149598,-54.91089827699486
2025-04-22T12:42:12,veh108,29.0,16.0,0.10063166343940369,3.7966017505606193,-54.93683365605963
2025-04-22T12:42:12,veh109,19.0,2.0,0.1045434914986159,6.047550633111668,-54.545650850138415
2025-04-22T12:42:12,veh11,23.0,4.0,0.10018695761141486,6.6954669946767185,-54.98130423885852
2025-04-22T12:42:12,veh110,24.0,5.0,0.0972895313252121,8.976174856628662,-55.27104686747879
2025-04-22T12:42:12,veh111,28.0,14.0,0.12363559110472115,3.714755039120123,-52.63644088952789
2025-04-22T12:42:12,veh112,28.0,9.0,0.1016632149653813,4.558512582096306,-54.83367850346187
2025-04-22T12:42:12,veh113,26.0,7.0,0.10346296034590739,5.372829843614184,-54.653703965409264
2025-04-22T12:42:12,veh114,24.0,4.0,0.1037650318995709,4.978003959996744,-54.623496810042916
2025-04-22T12:42:12,veh115,29.0,11.0,0.12299201080829661,4.175621846570471,-52.700798919170346
2025-04-22T12:42:12,veh116,30.0,16.0,0.11778525911413987,4.101773926373183,-53.22147408858602
2025-04-22T12:42:12,veh117,25.0,6.0,0.10371968967814914,6.716000072777567,-54.628031032185085
2025-04-22T12:42:12,veh118,27.0,11.0,0.11241993102102361,4.149163748372801,-53.75800689789764
2025-04-22T12:42:12,veh119,30.0,14.0,0.11102135769708438,5.120997905122684,-53.89786423029157
2025-04-22T12:42:12,veh12,29.0,11.0,0.10596977179334773,5.754742039673792,-54.40302282066523
2025-04-22T12:42:12,veh120,27.0,9.0,0.1000736420990825,6.36809845157852,-54.99263579009175
2025-04-22T12:42:12,veh121,28.0,8.0,0.1016898049224192,7.988614530125026,-54.831019507758086
2025-04-22T12:42:12,veh122,29.0,10.0,0.11060687041933447,8.167438489848147,-53.93931295806655
2025-04-22T14:23:29,veh0,29.0,12.0,0.06880421096423404,17.79438848064567,-58.119578903576596
2025-04-22T14:23:29,veh1,23.0,4.0,0.05909594728800719,23.423648636335688,-59.09040527119929
2025-04-22T14:23:29,veh10,29.0,13.0,0.08741514947003425,19.53783015901141,-56.258485052996576
2025-04-22T14:23:29,veh100,29.0,16.0,0.09232212756742057,4.338925353327274,-55.76778724325795
2025-04-22T14:23:29,veh101,26.0,7.0,0.1075876123299091,3.8793295650170805,-54.241238767009094
2025-04-22T14:23:29,veh102,29.0,19.0,0.07966475173267092,15.397653325394046,-57.03352482673291
2025-04-22T14:23:29,veh103,19.0,2.0,0.09069566746282118,9.895716739052126,-55.93043325371788
2025-04-22T14:23:29,veh104,27.0,13.0,0.09646282731850339,6.960470174280113,-55.35371726814966
2025-04-22T14:23:29,veh105,25.0,6.0,0.08761262120623456,9.899977933078283,-56.238737879376544
2025-04-22T14:23:29,veh106,23.0,5.0,0.11288484090914608,4.640212809314313,-53.71151590908539
2025-04-22T14:23:29,veh107,22.0,2.0,0.10089101723005145,10.089080964149598,-54.91089827699486
2025-04-22T14:23:29,veh108,28.0,15.0,0.09968617809973433,3.842898677813241,-55.03138219002657
2025-04-22T14:23:29,veh109,18.0,1.0,0.1045434914986159,6.047550633111668,-54.545650850138415
2025-04-22T14:23:29,veh11,22.0,3.0,0.10018695761141486,6.6954669946767185,-54.98130423885852
2025-04-22T14:23:29,veh110,25.0,6.0,0.09640532998647504,9.612237349756576,-55.3594670013525
2025-04-22T14:23:29,veh111,29.0,15.0,0.12192457760512355,3.7016390100574394,-52.807542239487645
2025-04-22T14:23:29,veh112,27.0,8.0,0.10047991240993524,4.647251164008921,-54.952008759006475
2025-04-22T14:23:29,veh113,25.0,6.0,0.10261601272017687,5.964883311050991,-54.738398727982315
2025-04-22T14:23:29,veh114,25.0,5.0,0.10267456270147343,5.007655606468716,-54.73254372985266
2025-04-22T14:23:29,veh115,28.0,10.0,0.12597074937674163,3.775512824789717,-52.40292506232584
2025-04-22T14:23:29,veh116,29.0,15.0,0.11628419026153837,4.035623969870555,-53.371580973846164
2025-04-22T14:23:29,veh117,24.0,5.0,0.10450509789701075,6.1375201176917304,-54.54949021029892
2025-04-22T14:23:29,veh118,26.0,10.0,0.11111915839372145,4.108213203011524,-53.888084160627855
2025-04-22T14:23:29,veh119,29.0,13.0,0.11767945738948603,4.849739219984213,-53.232054261051395
2025-04-22T14:23:29,veh12,30.0,12.0,0.1081094208913207,4.6364713042912475,-54.18905791086793
2025-04-22T14:23:29,veh120,26.0,8.0,0.10224959464258215,5.643301905108326,-54.77504053574178
2025-04-22T14:23:29,veh121,27.0,7.0,0.09868158852026407,7.76018218262484,-55.131841147973596
2025-04-22T14:23:29,veh122,28.0,9.0,0.1121168103745346,8.815585070161168,-53.78831896254654
2025-04-22T14:23:29,veh123,30.0,10.0,0.1216941368058861,11.942176362911253,-52.83058631941139
2025-04-22T14:23:29,veh124,30.0,10.0,0.1216941368058861,8.052049989891314,-52.83058631941139
2025-04-22T16:19:55,veh0,28.0,11.0,0.06880421096423404,17.79438848064567,-58.119578903576596
2025-04-22T16:19:55,veh1,22.0,3.0,0.05909594728800719,23.423648636335688,-59.09040527119929
2025-04-22T16:19:55,veh10,30.0,14.0,0.08657897084211702,20.184687384858577,-56.342102915788296
2025-04-22T16:19:55,veh100,28.0,15.0,0.09164184820723924,5.0520374955254965,-55.83581517927608
2025-04-22T16:19:55,veh101,27.0,8.0,0.1075876123299091,3.8793295650170805,-54.241238767009094
2025-04-22T16:19:55,veh102,28.0,18.0,0.07904524907365516,16.018416648147188,-57.09547509263449
2025-04-22T16:19:55,veh103,18.0,1.0,0.0905743597728981,10.015548271719961,-55.942564022710194
2025-04-22T16:19:55,veh104,26.0,12.0,0.09581531074042225,7.4374757791750294,-55.418468925957775
2025-04-22T16:19:55,veh105,24.0,5.0,0.08689861060416551,10.471770869835327,-56.31013893958345
2025-04-22T16:19:55,veh106,22.0,4.0,0.11237636282099495,4.89676624211345,-53.762363717900506
2025-04-22T16:19:55,veh107,23.0,3.0,0.10089101723005145,10.089080964149598,-54.91089827699486
2025-04-22T16:19:55,veh108,27.0,14.0,0.0988356364636973,3.8857881607045996,-55.11643635363027
2025-04-22T16:19:55,veh109,17.0,1.0,0.1045434914986159,6.047550633111668,-54.545650850138415
2025-04-22T16:19:55,veh11,23.0,4.0,0.10018695761141486,6.6954669946767185,-54.98130423885852
2025-04-22T16:19:55,veh110,26.0,7.0,0.09541010516898232,10.345826905652544,-55.458989483101774
2025-04-22T16:19:55,veh111,30.0,16.0,0.12022210676951404,3.633825892340214,-52.9777893230486
2025-04-22T16:19:55,veh112,28.0,9.0,0.09924603822400217,4.685566332709951,-55.07539617759979
2025-04-22T16:19:55,veh113,24.0,5.0,0.10261601272017687,5.964883311050991,-54.738398727982315
2025-04-22T16:19:55,veh114,24.0,4.0,0.10267456270147343,5.007655606468716,-54.73254372985266
2025-04-22T16:19:55,veh115,29.0,11.0,0.1287182708441571,3.297716306683436,-52.128172915584294
2025-04-22T16:19:55,veh116,28.0,14.0,0.11462849856980732,4.130304706012449,-53.537150143019275
2025-04-22T16:19:55,veh117,23.0,4.0,0.10372914873288859,6.15948951217966,-54.62708512671114
2025-04-22T16:19:55,veh118,25.0,9.0,0.10963849401145523,4.274009795532406,-54.03615059885448
2025-04-22T16:19:55,veh119,30.0,14.0,0.12311299650257085,4.795056167855294,-52.68870034974291
2025-04-22T16:19:55,veh12,30.0,13.0,0.10987045877328679,3.729071073993652,-54.01295412267132
2025-04-22T16:19:55,veh120,27.0,9.0,0.10414654759669408,5.328796054391258,-54.5853452403306
2025-04-22T16:19:55,veh121,26.0,6.0,0.09682190915802932,7.117937157758409,-55.317809084197066
2025-04-22T16:19:55,veh122,29.0,10.0,0.11320112199871092,8.531123249069871,-53.67988780012891
2025-04-22T16:19:55,veh123,29.0,9.0,0.11921307155332879,11.497221794975356,-53.07869284466712
2025-04-22T16:19:55,veh124,29.0,9.0,0.10748596054324905,5.727025902952773,-54.251403945675094
2025-04-22T17:53:43,veh0,29.0,12.0,0.06880421096423404,17.79438848064567,-58.119578903576596
2025-04-22T17:53:43,veh1,23.0,4.0,0.05909594728800719,23.423648636335688,-59.09040527119929
2025-04-22T17:53:43,veh10,30.0,15.0,0.08571515716956173,20.880052392809997,-56.42848428304384
2025-04-22T17:53:43,veh100,29.0,16.0,0.09095275333628416,5.187666239298366,-55.904724666371585
2025-04-22T17:53:43,veh101,26.0,7.0,0.1075876123299091,3.8793295650170805,-54.241238767009094
2025-04-22T17:53:43,veh102,29.0,19.0,0.07861768775697502,15.650978506478374,-57.1382312243025
2025-04-22T17:53:43,veh103,17.0,1.0,0.09045343611662086,10.129803399638664,-55.95465638833792
2025-04-22T17:53:43,veh104,25.0,11.0,0.09522986436929799,7.87829043863185,-55.4770135630702
2025-04-22T17:53:43,veh105,25.0,6.0,0.08606699397275057,11.12781248407428,-56.39330060272495
2025-04-22T17:53:43,veh106,23.0,5.0,0.11175319726463218,5.213322433378073,-53.824680273536785
2025-04-22T17:53:43,veh107,22.0,2.0,0.10089101723005145,10.089080964149598,-54.91089827699486
2025-04-22T17:53:43,veh108,26.0,13.0,0.09813717470105941,4.364841099896472,-55.18628252989406
2025-04-22T17:53:43,veh109,16.0,1.0,0.1045434914986159,6.047550633111668,-54.545650850138415
2025-04-22T17:53:43,veh11,22.0,3.0,0.10018695761141486,6.6954669946767185,-54.98130423885852
2025-04-22T17:53:43,veh110,27.0,8.0,0.09430991699432162,11.151730369235713,-55.56900830056784
2025-04-22T17:53:43,veh111,30.0,17.0,0.1185386737653804,3.5748559943602736,-53.14613262346196
2025-04-22T17:53:43,veh112,27.0,8.0,0.0983264158994501,5.323797626610378,-55.16735841005499
2025-04-22T17:53:43,veh113,25.0,6.0,0.10178911119209674,6.555306285222688,-54.82108888079033
2025-04-22T17:53:43,veh114,25.0,5.0,0.1018084744983283,5.604554366910493,-54.819152550167175
2025-04-22T17:53:43,veh115,28.0,10.0,0.12676426017758277,3.2485936620834734,-52.323573982241726
2025-04-22T17:53:43,veh116,27.0,13.0,0.11316855707978841,4.205082196818791,-53.683144292021154
2025-04-22T17:53:43,veh117,24.0,5.0,0.10285804145432402,6.143031071075257,-54.714195854567606
2025-04-22T17:53:43,veh118,26.0,10.0,0.10811148414513634,4.440518580068054,-54.18885158548636
2025-04-22T17:53:43,veh119,29.0,13.0,0.1227357721949744,4.283725479576136,-52.72642278050256
2025-04-22T17:53:43,veh12,30.0,14.0,0.11128706404574225,3.015033244062279,-53.871293595425776
2025-04-22T17:53:43,veh120,28.0,10.0,0.10579695552030136,5.083318017556363,-54.42030444796987
2025-04-22T17:53:43,veh121,25.0,5.0,0.09558396935174934,6.570607090947552,-55.44160306482506
2025-04-22T17:53:43,veh122,28.0,9.0,0.10987100029454984,7.928965107378188,-54.012899970545014
2025-04-22T17:53:43,veh123,28.0,8.0,0.11115088686995576,10.381449750014308,-53.88491131300442
2025-04-22T17:53:43,veh124,28.0,8.0,0.10183025156069364,4.541150344536981,-54.816974843930645
2025-04-22T19:01:57,veh0,28.0,11.0,0.06880421096423404,17.79438848064567,-58.119578903576596
2025-04-22T19:01:57,veh1,22.0,3.0,0.05909594728800719,23.423648636335688,-59.09040527119929
2025-04-22T19:01:57,veh10,30.0,16.0,0.08483046198784332,21.585624354706713,-56.51695380121568
2025-04-22T19:01:57,veh100,28.0,15.0,0.0903046321171101,5.874345938685222,-55.969536788289
2025-04-22T19:01:57,veh101,27.0,8.0,0.1075876123299091,3.8793295650170805,-54.241238767009094
2025-04-22T19:01:57,veh102,28.0,18.0,0.07803865320110925,16.16168198840147,-57.19613467988908
2025-04-22T19:01:57,veh103,18.0,2.0,0.09021442536436819,10.343315999349679,-55.978557463563185
2025-04-22T19:01:57,veh104,24.0,10.0,0.09470388424143426,8.283391351718294,-55.52961157585658
2025-04-22T19:01:57,veh105,26.0,7.0,0.08513429369969887,11.856882848648716,-56.48657063003012
2025-04-22T19:01:57,veh106,24.0,6.0,0.1110193548776301,5.606745791343647,-53.898064512237
2025-04-22T19:01:57,veh107,23.0,3.0,0.10089101723005145,10.089080964149598,-54.91089827699486
2025-04-22T19:01:57,veh108,25.0,12.0,0.09813717470105941,4.364841099896472,-55.18628252989406
2025-04-22T19:01:57,veh109,17.0,2.0,0.1045434914986159,6.047550633111668,-54.545650850138415
2025-04-22T19:01:57,veh11,21.0,2.0,0.10018695761141486,6.6954669946767185,-54.98130423885852
2025-04-22T19:01:57,veh110,28.0,9.0,0.09303713977792523,11.108433937493382,-55.696286022207474
2025-04-22T19:01:57,veh111,29.0,16.0,0.11703274077306751,3.4733558871836347,-53.296725922693255
2025-04-22T19:01:57,veh112,26.0,7.0,0.09753281129914562,5.85564514006682,-55.246718870085445
2025-04-22T19:01:57,veh113,24.0,5.0,0.10178911119209674,6.555306285222688,-54.82108888079033
2025-04-22T19:01:57,veh114,24.0,4.0,0.1018084744983283,5.604554366910493,-54.819152550167175
2025-04-22T19:01:57,veh115,27.0,9.0,0.1251387985731368,3.135936156271329,-52.48612014268632
2025-04-22T19:01:57,veh116,26.0,12.0,0.11214866515706616,4.839910800452568,-53.78513348429339
2025-04-22T19:01:57,veh117,25.0,6.0,0.1019340342534389,6.031117163767587,-54.806596574656105
2025-04-22T19:01:57,veh118,27.0,11.0,0.10656006968300845,4.605165771651511,-54.343993031699156
2025-04-22T19:01:57,veh119,28.0,12.0,0.12241161966547573,3.82092063252887,-52.75883803345243
2025-04-22T19:01:57,veh12,29.0,13.0,0.11800379757879469,2.430397574383305,-53.19962024212054
2025-04-22T19:01:57,veh120,29.0,11.0,0.11314506878931616,4.730962934083707,-53.68549312106838
2025-04-22T19:01:57,veh121,26.0,6.0,0.09845364601127245,5.582705616506408,-55.154635398872756
2025-04-22T19:01:57,veh122,29.0,10.0,0.11102217388129261,6.634039440858663,-53.89778261187074
2025-04-22T19:01:57,veh123,27.0,7.0,0.11217149786178228,9.856216067874858,-53.782850213821774
2025-04-22T19:01:57,veh124,27.0,7.0,0.09886475921434419,5.3389843015055245,-55.113524078565575
2025-04-22T19:01:57,veh125,30.0,10.0,0.1216941368058861,8.040725297438843,-52.83058631941139
2025-04-22T19:01:57,veh127,30.0,10.0,0.1216941368058861,11.400608765824476,-52.83058631941139
2025-04-22T20:36:10,veh0,29.0,12.0,0.06779035436480456,18.71715702669836,-58.22096456351955
2025-04-22T20:36:10,veh1,21.0,2.0,0.05909594728800719,23.423648636335688,-59.09040527119929
2025-04-22T20:36:10,veh10,29.0,15.0,0.08402382831168859,22.220587924396735,-56.597617168831135
2025-04-22T20:36:10,veh100,27.0,14.0,0.08970911508485971,6.4977457653624,-56.02908849151403
2025-04-22T20:36:10,veh101,26.0,7.0,0.1075876123299091,3.8793295650170805,-54.241238767009094
2025-04-22T20:36:10,veh102,27.0,17.0,0.07750206518161691,16.59298531643907,-57.24979348183831
2025-04-22T20:36:10,veh103,17.0,1.0,0.09009495292370813,10.44334655467501,-55.990504707629185
2025-04-22T20:36:10,veh104,23.0,9.0,0.0942351658480918,8.65176078363713,-55.57648341519082
2025-04-22T20:36:10,veh105,27.0,8.0,0.08411424774046593,12.644956276920851,-56.588575225953406
2025-04-22T20:36:10,veh106,25.0,7.0,0.1101844801180247,6.079986854603286,-53.98155198819753
2025-04-22T20:36:10,veh107,24.0,4.0,0.10089101723005145,10.089080964149598,-54.91089827699486
2025-04-22T20:36:10,veh108,24.0,11.0,0.09813717470105941,4.364841099896472,-55.18628252989406
2025-04-22T20:36:10,veh109,18.0,3.0,0.1039369716353874,6.468928686633038,-54.60630283646126
2025-04-22T20:36:10,veh11,20.0,1.0,0.10018695761141486,6.6954669946767185,-54.98130423885852
2025-04-22T20:36:10,veh110,27.0,8.0,0.09203630153159359,11.850165590591871,-55.79636984684064
2025-04-22T20:36:10,veh111,30.0,17.0,0.11553906146137294,3.438471666174091,-53.446093853862706
2025-04-22T20:36:10,veh112,25.0,6.0,0.09753281129914562,5.85564514006682,-55.246718870085445
2025-04-22T20:36:10,veh113,25.0,6.0,0.10098155238981966,7.132902849858359,-54.90184476101804
2025-04-22T20:36:10,veh114,25.0,5.0,0.1018084744983283,5.604554366910493,-54.819152550167175
2025-04-22T20:36:10,veh115,26.0,8.0,0.12405001116546717,3.7290383906281797,-52.59499888345328
2025-04-22T20:36:10,veh116,25.0,11.0,0.11214866515706616,4.839910800452568,-53.78513348429339
2025-04-22T20:36:10,veh117,24.0,5.0,0.10073860602186947,6.066641921428329,-54.92613939781306
2025-04-22T20:36:10,veh118,26.0,10.0,0.1052240976600852,4.737256238501498,-54.47759023399148
2025-04-22T20:36:10,veh119,27.0,11.0,0.12064386112759794,3.7716012770119165,-52.93561388724021
2025-04-22T20:36:10,veh12,30.0,14.0,0.12339307974596994,2.073623016128421,-52.66069202540301
2025-04-22T20:36:10,veh120,28.0,10.0,0.11818207425880514,4.494553426002684,-53.18179257411949
2025-04-22T20:36:10,veh121,25.0,5.0,0.09734507359437439,5.417719718534367,-55.26549264056256
2025-04-22T20:36:10,veh122,28.0,9.0,0.11174415363777568,5.876557141293886,-53.82558463622244
2025-04-22T20:36:10,veh123,26.0,6.0,0.10885247946974223,9.025824207191075,-54.11475205302578
2025-04-22T20:36:10,veh124,26.0,6.0,0.09697971775600604,5.288333657460152,-55.3020282243994
2025-04-22T20:36:10,veh125,29.0,9.0,0.10748596054324905,5.951941167893378,-54.251403945675094
2025-04-22T20:36:10,veh127,29.0,9.0,0.10729520466141362,8.371903191380662,-54.27047953385864
2025-04-22T21:47:53,veh0,30.0,13.0,0.06676662779415778,20.012084766695462,-58.32333722058423
2025-04-22T21:47:53,veh1,22.0,3.0,0.058574700689105086,24.275432352335915,-59.14252993108949
2025-04-22T21:47:53,veh10,30.0,16.0,0.08319691341879228,22.865185267912878,-56.68030865812077
2025-04-22T21:47:53,veh100,26.0,13.0,0.08916372030380174,7.078457356076583,-56.08362796961983
2025-04-22T21:47:53,veh101,27.0,8.0,0.10682946809156567,4.3211462167523536,-54.31705319084343
2025-04-22T21:47:53,veh102,28.0,18.0,0.07695274153577451,17.004521250120575,-57.304725846422556
2025-04-22T21:47:53,veh103,16.0,1.0,0.09009495292370813,10.44334655467501,-55.990504707629185
2025-04-22T21:47:53,veh104,24.0,10.0,0.09372612761287163,9.065412342072555,-55.627387238712835
2025-04-22T21:47:53,veh105,28.0,9.0,0.0830208624808512,13.523235261120114,-56.69791375191488
2025-04-22T21:47:53,veh106,24.0,6.0,0.10947939684166097,6.481907517618986,-54.052060315833906
2025-04-22T21:47:53,veh107,23.0,3.0,0.10089101723005145,10.089080964149598,-54.91089827699486
2025-04-22T21:47:53,veh108,25.0,12.0,0.09813717470105941,4.364841099896472,-55.18628252989406
2025-04-22T21:47:53,veh109,17.0,2.0,0.10353602028550722,6.748572457005094,-54.646397971449275
2025-04-22T21:47:53,veh11,19.0,1.0,0.10018695761141486,6.6954669946767185,-54.98130423885852
2025-04-22T21:47:53,veh110,28.0,9.0,0.09091245245595254,11.777457542895393,-55.90875475440475
2025-04-22T21:47:53,veh111,29.0,16.0,0.11419745073249227,3.412666268461165,-53.58025492675078
2025-04-22T21:47:53,veh112,24.0,5.0,0.09753281129914562,5.85564514006682,-55.246718870085445
2025-04-22T21:47:53,veh113,26.0,7.0,0.10006826661942032,7.776615365051449,-54.993173338057964
2025-04-22T21:47:53,veh114,24.0,4.0,0.1018084744983283,5.604554366910493,-54.819152550167175
2025-04-22T21:47:53,veh115,25.0,7.0,0.12311380629658604,4.219216602421461,-52.68861937034139
2025-04-22T21:47:53,veh116,24.0,10.0,0.11214866515706616,4.839910800452568,-53.78513348429339
2025-04-22T21:47:53,veh117,23.0,4.0,0.09981989792032796,6.090328460707487,-55.01801020796721
2025-04-22T21:47:53,veh118,25.0,9.0,0.1042684512499041,5.394698192374335,-54.573154875009585
2025-04-22T21:47:53,veh119,26.0,10.0,0.11890100013664405,3.9794871763479915,-53.1098999863356
2025-04-22T21:47:53,veh12,30.0,15.0,0.12779892255219616,1.8574033432804156,-52.220107744780385
2025-04-22T21:47:53,veh120,27.0,9.0,0.11811613660100677,3.9736006834382067,-53.18838633989933
2025-04-22T21:47:53,veh121,24.0,4.0,0.0965561758941385,5.375112025326184,-55.34438241058616
2025-04-22T21:47:53,veh122,29.0,10.0,0.11240759351184121,5.294456558201958,-53.759240648815876
2025-04-22T21:47:53,veh123,25.0,5.0,0.1066167041493305,8.231330578046412,-54.338329585066944
2025-04-22T21:47:53,veh124,25.0,5.0,0.09572545292234916,4.996429746994269,-55.42745470776509
2025-04-22T21:47:53,veh125,28.0,8.0,0.10183025156069364,4.637805699701358,-54.816974843930645
2025-04-22T21:47:53,veh127,28.0,8.0,0.1016898049224192,6.597034319914361,-54.831019507758086
2025-04-22T22:43:47,veh0,29.0,12.0,0.06649470908280286,19.19030955352347,-58.350529091719714
2025-04-22T22:43:47,veh1,23.0,4.0,0.057916858225712936,25.04976578444599,-59.20831417742871
2025-04-22T22:43:47,veh10,30.0,17.0,0.08251028460658232,22.660993095459794,-56.748971539341774
2025-04-22T22:43:47,veh100,25.0,12.0,0.08866629924160707,7.610235099961767,-56.133370075839295
2025-04-22T22:43:47,veh101,26.0,7.0,0.10682946809156567,4.3211462167523536,-54.31705319084343
2025-04-22T22:43:47,veh102,27.0,17.0,0.07644323793736794,17.354023516567363,-57.355676206263205
2025-04-22T22:43:47,veh103,15.0,1.0,0.09009495292370813,10.44334655467501,-55.990504707629185
2025-04-22T22:43:47,veh104,23.0,9.0,0.09327233793717722,9.441531141997496,-55.672766206282276
2025-04-22T22:43:47,veh105,29.0,10.0,0.08186805957289561,14.439073123309935,-56.813194042710435
2025-04-22T22:43:47,veh106,23.0,5.0,0.10889858964109189,6.817001034497321,-54.11014103589081
2025-04-22T22:43:47,veh107,22.0,2.0,0.10089101723005145,10.089080964149598,-54.91089827699486
2025-04-22T22:43:47,veh108,26.0,13.0,0.09813717470105941,4.364841099896472,-55.18628252989406
2025-04-22T22:43:47,veh109,16.0,1.0,0.10333611272604377,6.889324528714041,-54.66638872739562
2025-04-22T22:43:47,veh11,20.0,2.0,0.10018695761141486,6.6954669946767185,-54.98130423885852
2025-04-22T22:43:47,veh110,27.0,8.0,0.089996800928394,12.432563424489203,-56.0003199071606
2025-04-22T22:43:47,veh111,28.0,15.0,0.11299101543641293,3.397288957129606,-53.7008984563587
2025-04-22T22:43:47,veh112,25.0,6.0,0.09686372374973007,6.315330521168298,-55.313627625026996
2025-04-22T22:43:47,veh113,25.0,6.0,0.09930029590053803,8.30448038330391,-55.0699704099462
2025-04-22T22:43:47,veh114,25.0,5.0,0.10096345900085579,6.149128071409473,-54.90365409991442
2025-04-22T22:43:47,veh115,24.0,6.0,0.12232268997888233,4.617072951926968,-52.76773100211177
2025-04-22T22:43:47,veh116,25.0,11.0,0.11214866515706616,4.839910800452568,-53.78513348429339
2025-04-22T22:43:47,veh117,22.0,3.0,0.09925730756348558,6.490757890190831,-55.07426924365144
2025-04-22T22:43:47,veh118,24.0,8.0,0.10343009448937242,5.94464579624193,-54.656990551062755
2025-04-22T22:43:47,veh119,25.0,9.0,0.11740604527815973,4.16204926726512,-53.25939547218403
2025-04-22T22:43:47,veh12,29.0,14.0,0.127071411405254,1.5337862044893396,-52.2928588594746
2025-04-22T22:43:47,veh120,26.0,8.0,0.11654327620115541,3.810407535351284,-53.345672379884455
2025-04-22T22:43:47,veh121,23.0,3.0,0.09760202717481015,5.04859561826538,-55.239797282518985
2025-04-22T22:43:47,veh122,28.0,9.0,0.11746171088804547,4.761365283154738,-53.253828911195455
2025-04-22T22:43:47,veh123,26.0,6.0,0.10780691885374913,7.137425304193388,-54.219308114625086
2025-04-22T22:43:47,veh124,24.0,4.0,0.09488046592385048,4.5512116869701345,-55.51195340761495
2025-04-22T22:43:47,veh125,27.0,7.0,0.09886475921434419,5.636359788599175,-55.113524078565575
2025-04-22T22:43:47,veh126,30.0,10.0,0.1216941368058861,12.99047908772916,-52.83058631941139
2025-04-22T22:43:47,veh127,27.0,7.0,0.09868158852026407,7.620636674020161,-55.131841147973596
2025-04-22T22:43:47,veh130,30.0,10.0,0.1216941368058861,13.65594811162147,-52.83058631941139
2025-04-23T00:54:22,veh0,30.0,13.0,0.06813955467666036,17.532674044302713,-58.186044532333966
2025-04-23T00:54:22,veh1,22.0,3.0,0.05743826422749952,25.681923704833217,-59.256173577250046
2025-04-23T00:54:22,veh10,29.0,16.0,0.08189512630466537,22.327710865113502,-56.81048736953347
2025-04-23T00:54:22,veh100,26.0,13.0,0.08817165874922575,7.833511319381245,-56.18283412507743
2025-04-23T00:54:22,veh101,25.0,6.0,0.10682946809156567,4.3211462167523536,-54.31705319084343
2025-04-23T00:54:22,veh102,26.0,16.0,0.07614370977896007,17.200907388924527,-57.385629022104
2025-04-23T00:54:22,veh103,14.0,1.0,0.08997595933050563,10.561616408485566,-56.00240406694944
2025-04-23T00:54:22,veh104,24.0,10.0,0.09277943683036705,9.845552272348556,-55.7220563169633
2025-04-23T00:54:22,veh105,28.0,9.0,0.08086868810557632,15.250794377617435,-56.91313118944237
2025-04-23T00:54:22,veh106,22.0,4.0,0.10843784100620375,7.08878921099162,-54.156215899379625
2025-04-23T00:54:22,veh107,23.0,3.0,0.10089101723005145,10.089080964149598,-54.91089827699486
2025-04-23T00:54:22,veh108,25.0,12.0,0.09813717470105941,4.364841099896472,-55.18628252989406
2025-04-23T00:54:22,veh109,15.0,1.0,0.10313730055046781,7.032656862906729,-54.686269944953224
2025-04-23T00:54:22,veh11,19.0,1.0,0.10018695761141486,6.6954669946767185,-54.98130423885852
2025-04-23T00:54:22,veh110,28.0,9.0,0.08899901511627928,12.268954074278078,-56.100098488372076
2025-04-23T00:54:22,veh111,27.0,14.0,0.11190584306129055,3.3903159923788935,-53.809415693870946
2025-04-23T00:54:22,veh112,24.0,5.0,0.09686372374973007,6.315330521168298,-55.313627625026996
2025-04-23T00:54:22,veh113,26.0,7.0,0.09843136568443542,8.893469270737647,-55.15686343155646
2025-04-23T00:54:22,veh114,24.0,4.0,0.10096345900085579,6.149128071409473,-54.90365409991442
2025-04-23T00:54:22,veh115,25.0,7.0,0.12142164730072809,5.056293331475543,-52.857835269927186
2025-04-23T00:54:22,veh116,24.0,10.0,0.11214866515706616,4.839910800452568,-53.78513348429339
2025-04-23T00:54:22,veh117,21.0,2.0,0.09925730756348558,6.490757890190831,-55.07426924365144
2025-04-23T00:54:22,veh118,23.0,7.0,0.10343009448937242,5.94464579624193,-54.656990551062755
2025-04-23T00:54:22,veh119,24.0,8.0,0.11612999489236513,4.365355321996615,-53.38700051076349
2025-04-23T00:54:22,veh12,30.0,15.0,0.12645601663297035,1.2604963222364935,-52.35439833670297
2025-04-23T00:54:22,veh120,27.0,9.0,0.11497447421139133,3.6145510163331473,-53.50255257886087
2025-04-23T00:54:22,veh121,24.0,4.0,0.0988485444086916,4.563679891632719,-55.11514555913084
2025-04-23T00:54:22,veh122,27.0,8.0,0.11741967562449301,4.224309738296168,-53.258032437550696
2025-04-23T00:54:22,veh123,27.0,7.0,0.10890501321353471,6.086483835566844,-54.10949867864653
2025-04-23T00:54:22,veh124,25.0,5.0,0.09402910857867397,4.245876181780149,-55.5970891421326
2025-04-23T00:54:22,veh125,26.0,6.0,0.09697971775600604,5.785749333624689,-55.3020282243994
2025-04-23T00:54:22,veh126,29.0,9.0,0.10729520466141362,10.050504024932264,-54.27047953385864
2025-04-23T00:54:22,veh127,28.0,8.0,0.09645096654334569,7.964385314177819,-55.35490334566543
2025-04-23T00:54:22,veh130,30.0,11.0,0.10585185504019144,11.900274748452908,-54.414814495980856
2025-04-23T02:28:38,veh0,30.0,14.0,0.06966435487137006,18.140858572931833,-58.033564512863
2025-04-23T02:28:38,veh1,23.0,4.0,0.05750264889675281,24.69618643224613,-59.24973511032472
2025-04-23T02:28:38,veh10,30.0,17.0,0.08219408900660917,21.536727474455176,-56.780591099339084
2025-04-23T02:28:38,veh100,25.0,12.0,0.087723889687561,7.815925850543682,-56.22761103124391
2025-04-23T02:28:38,veh101,24.0,5.0,0.10682946809156567,4.3211462167523536,-54.31705319084343
2025-04-23T02:28:38,veh102,25.0,15.0,0.07586744265455386,17.344773310253075,-57.41325573454461
2025-04-23T02:28:38,veh103,13.0,1.0,0.08997595933050563,10.561616408485566,-56.00240406694944
2025-04-23T02:28:38,veh104,23.0,9.0,0.09233987306411721,10.198071928008185,-55.76601269358829
2025-04-23T02:28:38,veh105,27.0,8.0,0.08000440697825034,15.931753348833517,-56.99955930217497
2025-04-23T02:28:38,veh106,21.0,3.0,0.10809412011328536,7.297904349891275,-54.19058798867147
2025-04-23T02:28:38,veh107,22.0,2.0,0.10089101723005145,10.089080964149598,-54.91089827699486
2025-04-23T02:28:38,veh108,26.0,13.0,0.09813717470105941,4.364841099896472,-55.18628252989406
2025-04-23T02:28:38,veh109,14.0,1.0,0.10293957478022288,7.179728497921231,-54.706042521977714
2025-04-23T02:28:38,veh11,18.0,1.0,0.10018695761141486,6.6954669946767185,-54.98130423885852
2025-04-23T02:28:38,veh110,29.0,10.0,0.087982427509527,12.021802091831168,-56.201757249047304
2025-04-23T02:28:38,veh111,26.0,13.0,0.11093043194086198,3.3473243563972375,-53.90695680591381
2025-04-23T02:28:38,veh112,25.0,6.0,0.0962083143103537,6.769359854011743,-55.37916856896463
2025-04-23T02:28:38,veh113,25.0,6.0,0.09770013898216795,9.375085339536858,-55.229986101783204
2025-04-23T02:28:38,veh114,25.0,5.0,0.10013875637591871,6.6850103492092625,-54.98612436240813
2025-04-23T02:28:38,veh115,24.0,6.0,0.12065717476880289,5.412233662273669,-52.93428252311971
2025-04-23T02:28:38,veh116,25.0,11.0,0.11214866515706616,4.839910800452568,-53.78513348429339
2025-04-23T02:28:38,veh117,20.0,1.0,0.09925730756348558,6.490757890190831,-55.07426924365144
2025-04-23T02:28:38,veh118,24.0,8.0,0.10343009448937242,5.94464579624193,-54.656990551062755
2025-04-23T02:28:38,veh119,23.0,7.0,0.11531193183391984,4.88473496299721,-53.468806816608016
2025-04-23T02:28:38,veh12,29.0,14.0,0.12435570565641485,1.5949171512660925,-52.564429434358516
2025-04-23T02:28:38,veh120,26.0,8.0,0.11335027243765003,3.904849771032929,-53.664972756234995
2025-04-23T02:28:38,veh121,23.0,3.0,0.0978092641500303,4.474645544062463,-55.21907358499697
2025-04-23T02:28:38,veh122,28.0,9.0,0.11741335492024586,3.6748313540636337,-53.25866450797542
2025-04-23T02:28:38,veh123,26.0,6.0,0.10706180991669755,6.22912358464795,-54.293819008330246
2025-04-23T02:28:38,veh124,26.0,6.0,0.09322736538024119,4.044838141690224,-55.677263461975876
2025-04-23T02:28:38,veh125,25.0,5.0,0.09572545292234916,5.556762523621234,-55.42745470776509
2025-04-23T02:28:38,veh126,28.0,8.0,0.10157883473909124,8.126084404821762,-54.84211652609088
2025-04-23T02:28:38,veh127,27.0,7.0,0.09500571411607925,7.9404887379524585,-55.49942858839208
2025-04-23T02:28:38,veh130,29.0,10.0,0.10015896657215427,10.855338503360533,-54.98410334278457
2025-04-23T04:48:18,veh0,29.0,13.0,0.0708562045589549,17.313108982676127,-57.91437954410451
2025-04-23T04:48:18,veh1,22.0,3.0,0.05706096597174959,25.15517420408245,-59.293903402825045
2025-04-23T04:48:18,veh10,29.0,16.0,0.08424259609331339,20.636376967576965,-56.57574039066866
2025-04-23T04:48:18,veh100,24.0,11.0,0.08771208266468342,7.797629746398246,-56.22879173353166
2025-04-23T04:48:18,veh101,23.0,4.0,0.10644705823918968,4.5498891516126765,-54.35529417608104
2025-04-23T04:48:18,veh102,24.0,14.0,0.07561286679145532,17.243963963065514,-57.438713320854475
2025-04-23T04:48:18,veh103,14.0,2.0,0.08997595933050563,10.561616408485566,-56.00240406694944
2025-04-23T04:48:18,veh104,22.0,8.0,0.0919241171264507,10.111732104423925,-55.80758828735494
2025-04-23T04:48:18,veh105,28.0,9.0,0.07925359032864704,15.433802855599522,-57.0746409671353
2025-04-23T04:48:18,veh106,22.0,4.0,0.10764291683922006,7.605173695789396,-54.235708316078004
2025-04-23T04:48:18,veh107,23.0,3.0,0.10089101723005145,10.089080964149598,-54.91089827699486
2025-04-23T04:48:18,veh108,27.0,14.0,0.09813717470105941,4.364841099896472,-55.18628252989406
2025-04-23T04:48:18,veh109,15.0,2.0,0.10254949177398325,7.50021696516187,-54.745050822601684
2025-04-23T04:48:18,veh11,17.0,1.0,0.10018695761141486,6.6954669946767185,-54.98130423885852
2025-04-23T04:48:18,veh110,30.0,11.0,0.08696261325922178,11.767164283735573,-56.30373867407783
2025-04-23T04:48:18,veh111,27.0,14.0,0.10993464899397329,3.2878380742436515,-54.00653510060267
2025-04-23T04:48:18,veh112,26.0,7.0,0.095465055162119,7.277413937635726,-55.4534944837881
2025-04-23T04:48:18,veh113,24.0,5.0,0.09770013898216795,9.375085339536858,-55.229986101783204
2025-04-23T04:48:18,veh114,24.0,4.0,0.10013875637591871,6.6850103492092625,-54.98612436240813
2025-04-23T04:48:18,veh115,23.0,5.0,0.12065717476880289,5.412233662273669,-52.93428252311971
2025-04-23T04:48:18,veh116,26.0,12.0,0.11115529263428468,5.409546738962276,-53.88447073657153
2025-04-23T04:48:18,veh117,21.0,2.0,0.09925730756348558,6.490757890190831,-55.07426924365144
2025-04-23T04:48:18,veh118,25.0,9.0,0.10343009448937242,5.94464579624193,-54.656990551062755
2025-04-23T04:48:18,veh119,24.0,8.0,0.1144016204643745,5.449446958665243,-53.55983795356255
2025-04-23T04:48:18,veh12,28.0,13.0,0.1223279922059242,1.5444660625150575,-52.76720077940759
2025-04-23T04:48:18,veh120,25.0,7.0,0.11199472746332337,4.093132531372857,-53.80052725366766
2025-04-23T04:48:18,veh121,22.0,2.0,0.0972356454076363,4.932995467573967,-55.276435459236374
2025-04-23T04:48:18,veh122,27.0,8.0,0.11583287659516088,3.6853638033742824,-53.41671234048392
2025-04-23T04:48:18,veh123,25.0,5.0,0.10772798220534215,5.69233873060021,-54.22720177946579
2025-04-23T04:48:18,veh124,25.0,5.0,0.09536460952778848,3.659920054115513,-55.463539047221154
2025-04-23T04:48:18,veh125,26.0,6.0,0.09857503724048529,4.821454042599807,-55.14249627595147
2025-04-23T04:48:18,veh126,27.0,7.0,0.09859142524631011,9.051208550698288,-55.14085747536899
2025-04-23T04:48:18,veh127,26.0,6.0,0.09776181069682777,7.319192079700009,-55.22381893031722
2025-04-23T04:48:18,veh128,30.0,10.0,0.1216941368058861,13.43919157290031,-52.83058631941139
2025-04-23T04:48:18,veh130,30.0,11.0,0.10522859301702488,10.704994559360976,-54.47714069829751
2025-04-23T04:48:18,veh132,30.0,10.0,0.1216941368058861,13.643724432266637,-52.83058631941139
2025-04-23T07:00:17,veh0,28.0,12.0,0.07048933251239842,16.756140399804774,-57.95106674876016
2025-04-23T07:00:17,veh1,21.0,2.0,0.05677112296823571,25.55043692196997,-59.32288770317643
2025-04-23T07:00:17,veh10,30.0,17.0,0.0844104084378575,20.375229273314726,-56.55895915621425
2025-04-23T07:00:17,veh100,23.0,10.0,0.08734663715950222,7.822517069064971,-56.26533628404978
2025-04-23T07:00:17,veh101,22.0,3.0,0.10616110030163056,4.761033015116553,-54.38388996983694
2025-04-23T07:00:17,veh102,25.0,15.0,0.07597084209885298,17.260336118280378,-57.402915790114704
2025-04-23T07:00:17,veh103,13.0,1.0,0.08984775560361298,10.523923571267224,-56.0152244396387
2025-04-23T07:00:17,veh104,21.0,7.0,0.09156471161112181,10.050802451033823,-55.84352883888782
2025-04-23T07:00:17,veh105,27.0,8.0,0.0786215237604122,15.066764682852531,-57.137847623958784
2025-04-23T07:00:17,veh106,21.0,3.0,0.10730626205065474,7.8626838423578445,-54.26937379493453
2025-04-23T07:00:17,veh107,22.0,2.0,0.10089101723005145,10.089080964149598,-54.91089827699486
2025-04-23T07:00:17,veh108,28.0,15.0,0.09736172510943752,4.885938698802954,-55.26382748905625
2025-04-23T07:00:17,veh109,14.0,1.0,0.10235496650803973,7.677187831977851,-54.764503349196026
2025-04-23T07:00:17,veh11,16.0,1.0,0.10018695761141486,6.6954669946767185,-54.98130423885852
2025-04-23T07:00:17,veh110,30.0,12.0,0.08595299201055952,11.50445376176082,-56.40470079894405
2025-04-23T07:00:17,veh111,28.0,15.0,0.10892581310083647,3.2429079377823986,-54.10741868991635
2025-04-23T07:00:17,veh112,27.0,8.0,0.09464202585205819,7.860359360342178,-55.53579741479419
2025-04-23T07:00:17,veh113,23.0,4.0,0.09770013898216795,9.375085339536858,-55.229986101783204
2025-04-23T07:00:17,veh114,25.0,5.0,0.09933364288696586,7.236780499412194,-55.06663571130341
2025-04-23T07:00:17,veh115,22.0,4.0,0.12065717476880289,5.412233662273669,-52.93428252311971
2025-04-23T07:00:17,veh116,25.0,11.0,0.11115529263428468,5.409546738962276,-53.88447073657153
2025-04-23T07:00:17,veh117,22.0,3.0,0.09925730756348558,6.490757890190831,-55.07426924365144
2025-04-23T07:00:17,veh118,26.0,10.0,0.10242120793569806,6.559462299995416,-54.7578792064302
2025-04-23T07:00:17,veh119,23.0,7.0,0.11361374085616185,5.920172009598821,-53.63862591438382
2025-04-23T07:00:17,veh12,27.0,12.0,0.12055833433111306,1.5432658227177076,-52.9441665668887
2025-04-23T07:00:17,veh120,26.0,8.0,0.11054391058379308,4.293652939051444,-53.94560894162069
2025-04-23T07:00:17,veh121,23.0,3.0,0.09639923355848014,5.588482289943674,-55.36007664415199
2025-04-23T07:00:17,veh122,28.0,9.0,0.11426163268083932,3.809766013228476,-53.57383673191607
2025-04-23T07:00:17,veh123,24.0,4.0,0.10666631356436172,5.864119056784504,-54.33336864356383
2025-04-23T07:00:17,veh124,24.0,4.0,0.09478653368080847,3.651185579711847,-55.52134663191916
2025-04-23T07:00:17,veh125,25.0,5.0,0.09747801532135553,4.3454231091444,-55.252198467864446
2025-04-23T07:00:17,veh126,26.0,6.0,0.09674423002969976,9.366707248381203,-55.325576997030026
2025-04-23T07:00:17,veh127,27.0,7.0,0.10022667733332598,6.846599814962101,-54.9773322666674
2025-04-23T07:00:17,veh128,30.0,11.0,0.1192856558191216,12.443914004258815,-53.07143441808784
2025-04-23T07:00:17,veh130,30.0,12.0,0.10822857634381094,9.978370720183436,-54.177142365618906
2025-04-23T07:00:17,veh132,30.0,11.0,0.1192856558191216,12.575376755016212,-53.07143441808784
