Timestep,Cumulative Reward
0,0.95
1,1.9
2,2.8499999999999996
3,3.8
4,4.75
5,5.7
6,6.65
7,7.6000000000000005
8,8.55
9,9.5
10,10.45
11,11.399999999999999
12,12.349999999999998
13,13.299999999999997
14,14.249999999999996
15,15.199999999999996
16,16.149999999999995
17,17.099999999999994
18,18.049999999999994
19,18.999999999999993
20,19.949999999999992
21,20.89999999999999
22,21.84999999999999
23,22.79999999999999
24,23.74999999999999
25,24.69999999999999
26,25.649999999999988
27,26.599999999999987
28,27.549999999999986
29,28.499999999999986
30,29.449999999999985
31,30.399999999999984
32,31.349999999999984
33,32.29999999999998
34,33.249999999999986
35,34.19999999999999
36,35.14999999999999
37,36.099999999999994
38,37.05
39,38.0
40,38.95
41,39.900000000000006
42,40.85000000000001
43,41.80000000000001
44,42.750000000000014
45,43.70000000000002
46,44.65000000000002
47,45.60000000000002
48,46.550000000000026
49,47.50000000000003
50,48.45000000000003
51,49.400000000000034
52,50.35000000000004
53,51.30000000000004
54,52.25000000000004
55,53.200000000000045
56,54.15000000000005
57,55.10000000000005
58,56.050000000000054
59,57.00000000000006
60,57.95000000000006
61,58.90000000000006
62,59.850000000000065
63,60.80000000000007
64,61.75000000000007
65,62.700000000000074
66,63.65000000000008
67,64.60000000000008
68,65.55000000000008
69,66.50000000000009
70,67.45000000000009
71,68.40000000000009
72,69.3500000000001
73,70.3000000000001
74,71.2500000000001
75,72.2000000000001
76,73.1500000000001
77,74.10000000000011
78,75.05000000000011
79,76.00000000000011
80,76.95000000000012
81,77.90000000000012
82,78.85000000000012
83,79.80000000000013
84,80.75000000000013
85,81.70000000000013
86,82.65000000000013
87,83.60000000000014
88,84.55000000000014
89,85.50000000000014
90,86.45000000000014
91,87.40000000000015
92,88.35000000000015
93,89.30000000000015
94,90.25000000000016
95,91.20000000000016
96,92.15000000000016
97,93.10000000000016
98,94.05000000000017
99,95.00000000000017
100,95.95000000000017
101,96.90000000000018
102,97.85000000000018
103,98.80000000000018
104,99.75000000000018
105,100.70000000000019
106,101.65000000000019
107,102.6000000000002
108,103.5500000000002
109,104.5000000000002
110,105.4500000000002
111,106.4000000000002
112,107.35000000000021
113,108.30000000000021
114,109.25000000000021
115,110.20000000000022
116,111.15000000000022
117,112.10000000000022
118,113.05000000000022
119,114.00000000000023
120,114.95000000000023
121,115.90000000000023
122,116.85000000000024
123,117.80000000000024
124,118.75000000000024
125,119.70000000000024
126,120.65000000000025
127,121.60000000000025
128,122.55000000000025
129,123.50000000000026
130,124.45000000000026
131,125.40000000000026
132,126.35000000000026
133,127.30000000000027
134,128.25000000000026
135,129.20000000000024
136,130.15000000000023
137,131.10000000000022
138,132.0500000000002
139,133.0000000000002
140,133.9500000000002
141,134.90000000000018
142,135.85000000000016
143,136.80000000000015
144,137.75000000000014
145,138.70000000000013
146,139.65000000000012
147,140.6000000000001
148,141.5500000000001
149,142.50000000000009
150,143.45000000000007
151,144.40000000000006
152,145.35000000000005
153,146.30000000000004
154,147.25000000000003
155,148.20000000000002
156,149.15
157,150.1
158,151.04999999999998
159,151.99999999999997
160,152.94999999999996
161,153.89999999999995
162,154.84999999999994
163,155.79999999999993
164,156.74999999999991
165,157.6999999999999
166,158.6499999999999
167,159.59999999999988
168,160.54999999999987
169,161.49999999999986
170,162.44999999999985
171,163.39999999999984
172,164.34999999999982
173,165.2999999999998
174,166.2499999999998
175,167.1999999999998
176,168.14999999999978
177,169.09999999999977
178,170.04999999999976
179,170.99999999999974
180,171.94999999999973
181,172.89999999999972
182,173.8499999999997
183,174.7999999999997
184,175.7499999999997
185,176.69999999999968
186,177.64999999999966
187,178.59999999999965
188,179.54999999999964
189,180.49999999999963
190,181.44999999999962
191,182.3999999999996
192,183.3499999999996
193,184.29999999999959
194,185.24999999999957
195,186.19999999999956
196,187.14999999999955
197,188.09999999999954
198,189.04999999999953
199,189.99999999999952
200,190.9499999999995
201,191.8999999999995
202,192.84999999999948
203,193.79999999999947
204,194.74999999999946
205,195.69999999999945
206,196.64999999999944
207,197.59999999999943
208,198.54999999999941
209,199.4999999999994
210,200.4499999999994
211,201.39999999999938
212,202.34999999999937
213,203.29999999999936
214,204.24999999999935
215,205.19999999999933
216,206.14999999999932
217,207.0999999999993
218,208.0499999999993
219,208.9999999999993
220,209.94999999999928
221,210.89999999999927
222,211.84999999999926
223,212.79999999999924
224,213.74999999999923
225,214.69999999999922
226,215.6499999999992
227,216.5999999999992
228,217.5499999999992
229,218.49999999999918
230,219.44999999999916
231,220.39999999999915
232,221.34999999999914
233,222.29999999999913
234,223.24999999999912
235,224.1999999999991
236,225.1499999999991
237,226.09999999999908
238,227.04999999999907
239,227.99999999999906
240,228.94999999999905
241,229.89999999999904
242,230.84999999999903
243,231.79999999999902
244,232.749999999999
245,233.699999999999
246,234.64999999999898
247,235.59999999999897
248,236.54999999999896
249,237.49999999999895
250,238.44999999999894
251,239.39999999999893
252,240.34999999999891
253,241.2999999999989
254,242.2499999999989
255,243.19999999999888
256,244.14999999999887
257,245.09999999999886
258,246.04999999999885
259,246.99999999999883
260,247.94999999999882
261,248.8999999999988
262,249.8499999999988
263,250.7999999999988
264,251.74999999999878
265,252.69999999999877
266,253.64999999999876
267,254.59999999999874
268,255.54999999999873
269,256.49999999999875
270,257.44999999999874
271,258.3999999999987
272,259.3499999999987
273,260.2999999999987
274,261.2499999999987
275,262.1999999999987
276,263.14999999999867
277,264.09999999999866
278,265.04999999999865
279,265.99999999999864
280,266.9499999999986
281,267.8999999999986
282,268.8499999999986
283,269.7999999999986
284,270.7499999999986
285,271.69999999999857
286,272.64999999999856
287,273.59999999999854
288,274.54999999999853
289,275.4999999999985
290,276.4499999999985
291,277.3999999999985
292,278.3499999999985
293,279.2999999999985
294,280.24999999999847
295,281.19999999999845
296,282.14999999999844
297,283.09999999999843
298,284.0499999999984
299,284.9999999999984
300,285.9499999999984
301,286.8999999999984
302,287.8499999999984
303,288.79999999999836
304,289.74999999999835
305,290.69999999999834
306,291.64999999999833
307,292.5999999999983
308,293.5499999999983
309,294.4999999999983
310,295.4499999999983
311,296.3999999999983
312,297.34999999999826
313,298.29999999999825
314,299.24999999999824
315,300.1999999999982
316,301.1499999999982
317,302.0999999999982
318,303.0499999999982
319,303.9999999999982
320,304.94999999999817
321,305.89999999999816
322,306.84999999999815
323,307.79999999999814
324,308.7499999999981
325,309.6999999999981
326,310.6499999999981
327,311.5999999999981
328,312.5499999999981
329,313.49999999999807
330,314.44999999999806
331,315.39999999999804
332,316.34999999999803
333,317.299999999998
334,318.249999999998
335,319.199999999998
336,320.149999999998
337,321.099999999998
338,322.04999999999797
339,322.99999999999795
340,323.94999999999794
341,324.89999999999793
342,325.8499999999979
343,326.7999999999979
344,327.7499999999979
345,328.6999999999979
346,329.6499999999979
347,330.59999999999786
348,331.54999999999785
349,332.49999999999784
350,333.44999999999783
351,334.3999999999978
352,335.3499999999978
353,336.2999999999978
354,337.2499999999978
355,338.1999999999978
356,339.14999999999776
357,340.09999999999775
358,341.04999999999774
359,341.9999999999977
360,342.9499999999977
361,343.8999999999977
362,344.8499999999977
363,345.7999999999977
364,346.74999999999767
365,347.69999999999766
366,348.64999999999765
367,349.59999999999764
368,350.5499999999976
369,351.4999999999976
370,352.4499999999976
371,353.3999999999976
372,354.3499999999976
373,355.29999999999757
374,356.24999999999756
375,357.19999999999754
376,358.14999999999753
377,359.0999999999975
378,360.0499999999975
379,360.9999999999975
380,361.9499999999975
381,362.8999999999975
382,363.84999999999746
383,364.79999999999745
384,365.74999999999744
385,366.69999999999743
386,367.6499999999974
387,368.5999999999974
388,369.5499999999974
389,370.4999999999974
390,371.4499999999974
391,372.39999999999736
392,373.34999999999735
393,374.29999999999734
394,375.2499999999973
395,376.1999999999973
396,377.1499999999973
397,378.0999999999973
398,379.0499999999973
399,379.99999999999727
400,380.94999999999726
401,381.89999999999725
402,382.84999999999724
403,383.7999999999972
404,384.7499999999972
405,385.6999999999972
406,386.6499999999972
407,387.5999999999972
408,388.54999999999717
409,389.49999999999716
410,390.44999999999715
411,391.39999999999714
412,392.3499999999971
413,393.2999999999971
414,394.2499999999971
415,395.1999999999971
416,396.1499999999971
417,397.09999999999707
418,398.04999999999706
419,398.99999999999704
420,399.94999999999703
421,400.899999999997
422,401.849999999997
423,402.799999999997
424,403.749999999997
425,404.699999999997
426,405.64999999999696
427,406.59999999999695
428,407.54999999999694
429,408.49999999999693
430,409.4499999999969
431,410.3999999999969
432,411.3499999999969
433,412.2999999999969
434,413.2499999999969
435,414.19999999999686
436,415.14999999999685
437,416.09999999999684
438,417.0499999999968
439,417.9999999999968
440,418.9499999999968
441,419.8999999999968
442,420.8499999999968
443,421.79999999999677
444,422.74999999999676
445,423.69999999999675
446,424.64999999999674
447,425.5999999999967
448,426.5499999999967
449,427.4999999999967
450,428.4499999999967
451,429.3999999999967
452,430.34999999999667
453,431.29999999999666
454,432.24999999999665
455,433.19999999999663
456,434.1499999999966
457,435.0999999999966
458,436.0499999999966
459,436.9999999999966
460,437.9499999999966
461,438.89999999999657
462,439.84999999999656
463,440.79999999999654
464,441.74999999999653
465,442.6999999999965
466,443.6499999999965
467,444.5999999999965
468,445.5499999999965
469,446.4999999999965
470,447.44999999999646
471,448.39999999999645
472,449.34999999999644
473,450.29999999999643
474,451.2499999999964
475,452.1999999999964
476,453.1499999999964
477,454.0999999999964
478,455.0499999999964
479,455.99999999999636
480,456.94999999999635
481,457.89999999999634
482,458.8499999999963
483,459.7999999999963
484,460.7499999999963
485,461.6999999999963
486,462.6499999999963
487,463.59999999999627
488,464.54999999999626
489,465.49999999999625
490,466.44999999999624
491,467.3999999999962
492,468.3499999999962
493,469.2999999999962
494,470.2499999999962
495,471.1999999999962
496,472.14999999999617
497,473.09999999999616
498,474.04999999999615
499,474.99999999999613
500,475.9499999999961
501,476.8999999999961
502,477.8499999999961
503,478.7999999999961
504,479.7499999999961
505,480.69999999999607
506,481.64999999999606
507,482.59999999999604
508,483.54999999999603
509,484.499999999996
510,485.449999999996
511,486.399999999996
512,487.349999999996
513,488.299999999996
514,489.24999999999596
515,490.19999999999595
516,491.14999999999594
517,492.09999999999593
518,493.0499999999959
519,493.9999999999959
520,494.9499999999959
521,495.8999999999959
522,496.8499999999959
523,497.79999999999586
524,498.74999999999585
525,499.69999999999584
526,500.6499999999958
527,501.5999999999958
528,502.5499999999958
529,503.4999999999958
530,504.4499999999958
531,505.39999999999577
532,506.34999999999576
533,507.29999999999575
534,508.24999999999574
535,509.1999999999957
536,510.1499999999957
537,511.0999999999957
538,512.0499999999957
539,512.9999999999958
540,513.9499999999958
541,514.8999999999959
542,515.8499999999959
543,516.799999999996
544,517.749999999996
545,518.6999999999961
546,519.6499999999961
547,520.5999999999962
548,521.5499999999962
549,522.4999999999962
550,523.4499999999963
551,524.3999999999963
552,525.3499999999964
553,526.2999999999964
554,527.2499999999965
555,528.1999999999965
556,529.1499999999966
557,530.0999999999966
558,531.0499999999967
559,531.9999999999967
560,532.9499999999967
561,533.8999999999968
562,534.8499999999968
563,535.7999999999969
564,536.7499999999969
565,537.699999999997
566,538.649999999997
567,539.5999999999971
568,540.5499999999971
569,541.4999999999972
570,542.4499999999972
571,543.3999999999972
572,544.3499999999973
573,545.2999999999973
574,546.2499999999974
575,547.1999999999974
576,548.1499999999975
577,549.0999999999975
578,550.0499999999976
579,550.9999999999976
580,551.9499999999977
581,552.8999999999977
582,553.8499999999977
583,554.7999999999978
584,555.7499999999978
585,556.6999999999979
586,557.6499999999979
587,558.599999999998
588,559.549999999998
589,560.4999999999981
590,561.4499999999981
591,562.3999999999982
592,563.3499999999982
593,564.2999999999982
594,565.2499999999983
595,566.1999999999983
596,567.1499999999984
597,568.0999999999984
598,569.0499999999985
599,569.9999999999985
600,570.9499999999986
601,571.8999999999986
602,572.8499999999987
603,573.7999999999987
604,574.7499999999987
605,575.6999999999988
606,576.6499999999988
607,577.5999999999989
608,578.5499999999989
609,579.499999999999
610,580.449999999999
611,581.3999999999991
612,582.3499999999991
613,583.2999999999992
614,584.2499999999992
615,585.1999999999992
616,586.1499999999993
617,587.0999999999993
618,588.0499999999994
619,588.9999999999994
620,589.9499999999995
621,590.8999999999995
622,591.8499999999996
623,592.7999999999996
624,593.7499999999997
625,594.6999999999997
626,595.6499999999997
627,596.5999999999998
628,597.5499999999998
629,598.4999999999999
630,599.4499999999999
631,600.4
632,601.35
633,602.3000000000001
634,603.2500000000001
635,604.2000000000002
636,605.1500000000002
637,606.1000000000003
638,607.0500000000003
639,608.0000000000003
640,608.9500000000004
641,609.9000000000004
642,610.8500000000005
643,611.8000000000005
644,612.7500000000006
645,613.7000000000006
646,614.6500000000007
647,615.6000000000007
648,616.5500000000008
649,617.5000000000008
650,618.4500000000008
651,619.4000000000009
652,620.3500000000009
653,621.300000000001
654,622.250000000001
655,623.2000000000011
656,624.1500000000011
657,625.1000000000012
658,626.0500000000012
659,627.0000000000013
660,627.9500000000013
661,628.9000000000013
662,629.8500000000014
663,630.8000000000014
664,631.7500000000015
665,632.7000000000015
666,633.6500000000016
667,634.6000000000016
668,635.5500000000017
669,636.5000000000017
670,637.4500000000018
671,638.4000000000018
672,639.3500000000018
673,640.3000000000019
674,641.2500000000019
675,642.200000000002
676,643.150000000002
677,644.1000000000021
678,645.0500000000021
679,646.0000000000022
680,646.9500000000022
681,647.9000000000023
682,648.8500000000023
683,649.8000000000023
684,650.7500000000024
685,651.7000000000024
686,652.6500000000025
687,653.6000000000025
688,654.5500000000026
689,655.5000000000026
690,656.4500000000027
691,657.4000000000027
692,658.3500000000028
693,659.3000000000028
694,660.2500000000028
695,661.2000000000029
696,662.1500000000029
697,663.100000000003
698,664.050000000003
699,665.0000000000031
700,665.9500000000031
701,666.9000000000032
702,667.8500000000032
703,668.8000000000033
704,669.7500000000033
705,670.7000000000033
706,671.6500000000034
707,672.6000000000034
708,673.5500000000035
709,674.5000000000035
710,675.4500000000036
711,676.4000000000036
712,677.3500000000037
713,678.3000000000037
714,679.2500000000038
715,680.2000000000038
716,681.1500000000038
717,682.1000000000039
718,683.0500000000039
719,684.000000000004
720,684.950000000004
721,685.9000000000041
722,686.8500000000041
723,687.8000000000042
724,688.7500000000042
725,689.7000000000043
726,690.6500000000043
727,691.6000000000043
728,692.5500000000044
729,693.5000000000044
730,694.4500000000045
731,695.4000000000045
732,696.3500000000046
733,697.3000000000046
734,698.2500000000047
735,699.2000000000047
736,700.1500000000048
737,701.1000000000048
738,702.0500000000048
739,703.0000000000049
740,703.9500000000049
741,704.900000000005
742,705.850000000005
743,706.8000000000051
744,707.7500000000051
745,708.7000000000052
746,709.6500000000052
747,710.6000000000053
748,711.5500000000053
749,712.5000000000053
750,713.4500000000054
751,714.4000000000054
752,715.3500000000055
753,716.3000000000055
754,717.2500000000056
755,718.2000000000056
756,719.1500000000057
757,720.1000000000057
758,721.0500000000058
759,722.0000000000058
760,722.9500000000058
761,723.9000000000059
762,724.8500000000059
763,725.800000000006
764,726.750000000006
765,727.7000000000061
766,728.6500000000061
767,729.6000000000062
768,730.5500000000062
769,731.5000000000063
770,732.4500000000063
771,733.4000000000063
772,734.3500000000064
773,735.3000000000064
774,736.2500000000065
775,737.2000000000065
776,738.1500000000066
777,739.1000000000066
778,740.0500000000067
779,741.0000000000067
780,741.9500000000068
781,742.9000000000068
782,743.8500000000068
783,744.8000000000069
784,745.7500000000069
785,746.700000000007
786,747.650000000007
787,748.6000000000071
788,749.5500000000071
789,750.5000000000072
790,751.4500000000072
791,752.4000000000073
792,753.3500000000073
793,754.3000000000073
794,755.2500000000074
795,756.2000000000074
796,757.1500000000075
797,758.1000000000075
798,759.0500000000076
799,760.0000000000076
800,760.9500000000077
801,761.9000000000077
802,762.8500000000078
803,763.8000000000078
804,764.7500000000078
805,765.7000000000079
806,766.6500000000079
807,767.600000000008
808,768.550000000008
809,769.5000000000081
810,770.4500000000081
811,771.4000000000082
812,772.3500000000082
813,773.3000000000083
814,774.2500000000083
815,775.2000000000083
816,776.1500000000084
817,777.1000000000084
818,778.0500000000085
819,779.0000000000085
820,779.9500000000086
821,780.9000000000086
822,781.8500000000087
823,782.8000000000087
824,783.7500000000088
825,784.7000000000088
826,785.6500000000088
827,786.6000000000089
828,787.5500000000089
829,788.500000000009
830,789.450000000009
831,790.4000000000091
832,791.3500000000091
833,792.3000000000092
834,793.2500000000092
835,794.2000000000093
836,795.1500000000093
837,796.1000000000093
838,797.0500000000094
839,798.0000000000094
840,798.9500000000095
841,799.9000000000095
842,800.8500000000096
843,801.8000000000096
844,802.7500000000097
845,803.7000000000097
846,804.6500000000098
847,805.6000000000098
848,806.5500000000098
849,807.5000000000099
850,808.4500000000099
851,809.40000000001
852,810.35000000001
853,811.3000000000101
854,812.2500000000101
855,813.2000000000102
856,814.1500000000102
857,815.1000000000103
858,816.0500000000103
859,817.0000000000103
860,817.9500000000104
861,818.9000000000104
862,819.8500000000105
863,820.8000000000105
864,821.7500000000106
865,822.7000000000106
866,823.6500000000107
867,824.6000000000107
868,825.5500000000108
869,826.5000000000108
870,827.4500000000108
871,828.4000000000109
872,829.3500000000109
873,830.300000000011
874,831.250000000011
875,832.2000000000111
876,833.1500000000111
877,834.1000000000112
878,835.0500000000112
879,836.0000000000113
880,836.9500000000113
881,837.9000000000113
882,838.8500000000114
883,839.8000000000114
884,840.7500000000115
885,841.7000000000115
886,842.6500000000116
887,843.6000000000116
888,844.5500000000117
889,845.5000000000117
890,846.4500000000118
891,847.4000000000118
892,848.3500000000118
893,849.3000000000119
894,850.2500000000119
895,851.200000000012
896,852.150000000012
897,853.1000000000121
898,854.0500000000121
899,855.0000000000122
900,855.9500000000122
901,856.9000000000123
902,857.8500000000123
903,858.8000000000123
904,859.7500000000124
905,860.7000000000124
906,861.6500000000125
907,862.6000000000125
908,863.5500000000126
909,864.5000000000126
910,865.4500000000127
911,866.4000000000127
912,867.3500000000128
913,868.3000000000128
914,869.2500000000128
915,870.2000000000129
916,871.1500000000129
917,872.100000000013
918,873.050000000013
919,874.0000000000131
920,874.9500000000131
921,875.9000000000132
922,876.8500000000132
923,877.8000000000133
924,878.7500000000133
925,879.7000000000133
926,880.6500000000134
927,881.6000000000134
928,882.5500000000135
929,883.5000000000135
930,884.4500000000136
931,885.4000000000136
932,886.3500000000137
933,887.3000000000137
934,888.2500000000138
935,889.2000000000138
936,890.1500000000138
937,891.1000000000139
938,892.0500000000139
939,893.000000000014
940,893.950000000014
941,894.9000000000141
942,895.8500000000141
943,896.8000000000142
944,897.7500000000142
945,898.7000000000143
946,899.6500000000143
947,900.6000000000143
948,901.5500000000144
949,902.5000000000144
950,903.4500000000145
951,904.4000000000145
952,905.3500000000146
953,906.3000000000146
954,907.2500000000147
955,908.2000000000147
956,909.1500000000148
957,910.1000000000148
958,911.0500000000148
959,912.0000000000149
960,912.9500000000149
961,913.900000000015
962,914.850000000015
963,915.8000000000151
964,916.7500000000151
965,917.7000000000152
966,918.6500000000152
967,919.6000000000153
968,920.5500000000153
969,921.5000000000153
970,922.4500000000154
971,923.4000000000154
972,924.3500000000155
973,925.3000000000155
974,926.2500000000156
975,927.2000000000156
976,928.1500000000157
977,929.1000000000157
978,930.0500000000158
979,931.0000000000158
980,931.9500000000158
981,932.9000000000159
982,933.8500000000159
983,934.800000000016
984,935.750000000016
985,936.7000000000161
986,937.6500000000161
987,938.6000000000162
988,939.5500000000162
989,940.5000000000163
990,941.4500000000163
991,942.4000000000163
992,943.3500000000164
993,944.3000000000164
994,945.2500000000165
995,946.2000000000165
996,947.1500000000166
997,948.1000000000166
998,949.0500000000167
999,950.0000000000167
1000,950.9500000000168
1001,951.9000000000168
1002,952.8500000000168
1003,953.8000000000169
1004,954.7500000000169
1005,955.700000000017
1006,956.650000000017
1007,957.6000000000171
1008,958.5500000000171
1009,959.5000000000172
1010,960.4500000000172
1011,961.4000000000173
1012,962.3500000000173
1013,963.3000000000173
1014,964.2500000000174
1015,965.2000000000174
1016,966.1500000000175
1017,967.1000000000175
1018,968.0500000000176
1019,969.0000000000176
1020,969.9500000000177
1021,970.9000000000177
1022,971.8500000000178
1023,972.8000000000178
1024,973.7500000000178
1025,974.7000000000179
1026,975.6500000000179
1027,976.600000000018
1028,977.550000000018
1029,978.5000000000181
1030,979.4500000000181
1031,980.4000000000182
1032,981.3500000000182
1033,982.3000000000183
1034,983.2500000000183
1035,984.2000000000183
1036,985.1500000000184
1037,986.1000000000184
1038,987.0500000000185
1039,988.0000000000185
1040,988.9500000000186
1041,989.9000000000186
1042,990.8500000000187
1043,991.8000000000187
1044,992.7500000000188
1045,993.7000000000188
1046,994.6500000000188
1047,995.6000000000189
1048,996.5500000000189
1049,997.500000000019
1050,998.450000000019
1051,999.4000000000191
1052,1000.3500000000191
1053,1001.3000000000192
1054,1002.2500000000192
1055,1003.2000000000193
1056,1004.1500000000193
1057,1005.1000000000193
1058,1006.0500000000194
1059,1007.0000000000194
1060,1007.9500000000195
1061,1008.9000000000195
1062,1009.8500000000196
1063,1010.8000000000196
1064,1011.7500000000197
1065,1012.7000000000197
1066,1013.6500000000198
1067,1014.6000000000198
1068,1015.5500000000198
1069,1016.5000000000199
1070,1017.4500000000199
1071,1018.40000000002
1072,1019.35000000002
1073,1020.3000000000201
1074,1021.2500000000201
1075,1022.2000000000202
1076,1023.1500000000202
1077,1024.1000000000201
1078,1025.0500000000202
1079,1026.0000000000202
1080,1026.9500000000203
1081,1027.9000000000203
1082,1028.8500000000204
1083,1029.8000000000204
1084,1030.7500000000205
1085,1031.7000000000205
1086,1032.6500000000206
1087,1033.6000000000206
1088,1034.5500000000206
1089,1035.5000000000207
1090,1036.4500000000207
1091,1037.4000000000208
1092,1038.3500000000208
1093,1039.3000000000209
1094,1040.250000000021
1095,1041.200000000021
1096,1042.150000000021
1097,1043.100000000021
1098,1044.050000000021
1099,1045.0000000000211
1100,1045.9500000000212
1101,1046.9000000000212
1102,1047.8500000000213
1103,1048.8000000000213
1104,1049.7500000000214
1105,1050.7000000000214
1106,1051.6500000000215
1107,1052.6000000000215
1108,1053.5500000000216
1109,1054.5000000000216
1110,1055.4500000000216
1111,1056.4000000000217
1112,1057.3500000000217
1113,1058.3000000000218
1114,1059.2500000000218
1115,1060.2000000000219
1116,1061.150000000022
1117,1062.100000000022
1118,1063.050000000022
1119,1064.000000000022
1120,1064.950000000022
1121,1065.9000000000221
1122,1066.8500000000222
1123,1067.8000000000222
1124,1068.7500000000223
1125,1069.7000000000223
1126,1070.6500000000224
1127,1071.6000000000224
1128,1072.5500000000225
1129,1073.5000000000225
1130,1074.4500000000226
1131,1075.4000000000226
1132,1076.3500000000226
1133,1077.3000000000227
1134,1078.2500000000227
1135,1079.2000000000228
1136,1080.1500000000228
1137,1081.1000000000229
1138,1082.050000000023
1139,1083.000000000023
1140,1083.950000000023
1141,1084.900000000023
1142,1085.850000000023
1143,1086.8000000000231
1144,1087.7500000000232
1145,1088.7000000000232
1146,1089.6500000000233
1147,1090.6000000000233
1148,1091.5500000000234
1149,1092.5000000000234
1150,1093.4500000000235
1151,1094.4000000000235
1152,1095.3500000000236
1153,1096.3000000000236
1154,1097.2500000000236
1155,1098.2000000000237
1156,1099.1500000000237
1157,1100.1000000000238
1158,1101.0500000000238
1159,1102.0000000000239
1160,1102.950000000024
1161,1103.900000000024
1162,1104.850000000024
1163,1105.800000000024
1164,1106.750000000024
1165,1107.7000000000241
1166,1108.6500000000242
1167,1109.6000000000242
1168,1110.5500000000243
1169,1111.5000000000243
1170,1112.4500000000244
1171,1113.4000000000244
1172,1114.3500000000245
1173,1115.3000000000245
1174,1116.2500000000246
1175,1117.2000000000246
1176,1118.1500000000246
1177,1119.1000000000247
1178,1120.0500000000247
1179,1121.0000000000248
1180,1121.9500000000248
1181,1122.9000000000249
1182,1123.850000000025
1183,1124.800000000025
1184,1125.750000000025
1185,1126.700000000025
1186,1127.650000000025
1187,1128.6000000000251
1188,1129.5500000000252
1189,1130.5000000000252
1190,1131.4500000000253
1191,1132.4000000000253
1192,1133.3500000000254
1193,1134.3000000000254
1194,1135.2500000000255
1195,1136.2000000000255
1196,1137.1500000000256
1197,1138.1000000000256
1198,1139.0500000000256
1199,1140.0000000000257
1200,1140.9500000000257
1201,1141.9000000000258
1202,1142.8500000000258
1203,1143.8000000000259
1204,1144.750000000026
1205,1145.700000000026
1206,1146.650000000026
1207,1147.600000000026
1208,1148.550000000026
1209,1149.5000000000261
1210,1150.4500000000262
1211,1151.4000000000262
1212,1152.3500000000263
1213,1153.3000000000263
1214,1154.2500000000264
1215,1155.2000000000264
1216,1156.1500000000265
1217,1157.1000000000265
1218,1158.0500000000266
1219,1159.0000000000266
1220,1159.9500000000266
1221,1160.9000000000267
1222,1161.8500000000267
1223,1162.8000000000268
1224,1163.7500000000268
1225,1164.7000000000269
1226,1165.650000000027
1227,1166.600000000027
1228,1167.550000000027
1229,1168.500000000027
1230,1169.450000000027
1231,1170.4000000000271
1232,1171.3500000000272
1233,1172.3000000000272
1234,1173.2500000000273
1235,1174.2000000000273
1236,1175.1500000000274
1237,1176.1000000000274
1238,1177.0500000000275
1239,1178.0000000000275
1240,1178.9500000000276
1241,1179.9000000000276
1242,1180.8500000000276
1243,1181.8000000000277
1244,1182.7500000000277
1245,1183.7000000000278
1246,1184.6500000000278
1247,1185.6000000000279
1248,1186.550000000028
1249,1187.500000000028
1250,1188.450000000028
1251,1189.400000000028
1252,1190.350000000028
1253,1191.3000000000281
1254,1192.2500000000282
1255,1193.2000000000282
1256,1194.1500000000283
1257,1195.1000000000283
1258,1196.0500000000284
1259,1197.0000000000284
1260,1197.9500000000285
1261,1198.9000000000285
1262,1199.8500000000286
1263,1200.8000000000286
1264,1201.7500000000286
1265,1202.7000000000287
1266,1203.6500000000287
1267,1204.6000000000288
1268,1205.5500000000288
1269,1206.5000000000289
1270,1207.450000000029
1271,1208.400000000029
1272,1209.350000000029
1273,1210.300000000029
1274,1211.250000000029
1275,1212.2000000000291
1276,1213.1500000000292
1277,1214.1000000000292
1278,1215.0500000000293
1279,1216.0000000000293
1280,1216.9500000000294
1281,1217.9000000000294
1282,1218.8500000000295
1283,1219.8000000000295
1284,1220.7500000000296
1285,1221.7000000000296
1286,1222.6500000000296
1287,1223.6000000000297
1288,1224.5500000000297
1289,1225.5000000000298
1290,1226.4500000000298
1291,1227.4000000000299
1292,1228.35000000003
1293,1229.30000000003
1294,1230.25000000003
1295,1231.20000000003
1296,1232.15000000003
1297,1233.1000000000301
1298,1234.0500000000302
1299,1235.0000000000302
1300,1235.9500000000303
1301,1236.9000000000303
1302,1237.8500000000304
1303,1238.8000000000304
1304,1239.7500000000305
1305,1240.7000000000305
1306,1241.6500000000306
1307,1242.6000000000306
1308,1243.5500000000306
1309,1244.5000000000307
1310,1245.4500000000307
1311,1246.4000000000308
1312,1247.3500000000308
1313,1248.3000000000309
1314,1249.250000000031
1315,1250.200000000031
1316,1251.150000000031
1317,1252.100000000031
1318,1253.050000000031
1319,1254.0000000000312
1320,1254.9500000000312
1321,1255.9000000000312
1322,1256.8500000000313
1323,1257.8000000000313
1324,1258.7500000000314
1325,1259.7000000000314
1326,1260.6500000000315
1327,1261.6000000000315
1328,1262.5500000000316
1329,1263.5000000000316
1330,1264.4500000000317
1331,1265.4000000000317
1332,1266.3500000000317
1333,1267.3000000000318
1334,1268.2500000000318
1335,1269.2000000000319
1336,1270.150000000032
1337,1271.100000000032
1338,1272.050000000032
1339,1273.000000000032
1340,1273.950000000032
1341,1274.9000000000322
1342,1275.8500000000322
1343,1276.8000000000322
1344,1277.7500000000323
1345,1278.7000000000323
1346,1279.6500000000324
1347,1280.6000000000324
1348,1281.5500000000325
1349,1282.5000000000325
1350,1283.4500000000326
1351,1284.4000000000326
1352,1285.3500000000327
1353,1286.3000000000327
1354,1287.2500000000327
1355,1288.2000000000328
1356,1289.1500000000328
1357,1290.1000000000329
1358,1291.050000000033
1359,1292.000000000033
1360,1292.950000000033
1361,1293.900000000033
1362,1294.850000000033
1363,1295.8000000000332
1364,1296.7500000000332
1365,1297.7000000000332
1366,1298.6500000000333
1367,1299.6000000000333
1368,1300.5500000000334
1369,1301.5000000000334
1370,1302.4500000000335
1371,1303.4000000000335
1372,1304.3500000000336
1373,1305.3000000000336
1374,1306.2500000000337
1375,1307.2000000000337
1376,1308.1500000000337
1377,1309.1000000000338
1378,1310.0500000000338
1379,1311.0000000000339
1380,1311.950000000034
1381,1312.900000000034
1382,1313.850000000034
1383,1314.800000000034
1384,1315.750000000034
1385,1316.7000000000342
1386,1317.6500000000342
1387,1318.6000000000342
1388,1319.5500000000343
1389,1320.5000000000343
1390,1321.4500000000344
1391,1322.4000000000344
1392,1323.3500000000345
1393,1324.3000000000345
1394,1325.2500000000346
1395,1326.2000000000346
1396,1327.1500000000347
1397,1328.1000000000347
1398,1329.0500000000347
1399,1330.0000000000348
1400,1330.9500000000348
1401,1331.9000000000349
1402,1332.850000000035
1403,1333.800000000035
1404,1334.750000000035
1405,1335.700000000035
1406,1336.650000000035
1407,1337.6000000000352
1408,1338.5500000000352
1409,1339.5000000000352
1410,1340.4500000000353
1411,1341.4000000000353
1412,1342.3500000000354
1413,1343.3000000000354
1414,1344.2500000000355
1415,1345.2000000000355
1416,1346.1500000000356
1417,1347.1000000000356
1418,1348.0500000000357
1419,1349.0000000000357
1420,1349.9500000000357
1421,1350.9000000000358
1422,1351.8500000000358
1423,1352.8000000000359
1424,1353.750000000036
1425,1354.700000000036
1426,1355.650000000036
1427,1356.600000000036
1428,1357.550000000036
1429,1358.5000000000362
1430,1359.4500000000362
1431,1360.4000000000362
1432,1361.3500000000363
1433,1362.3000000000363
1434,1363.2500000000364
1435,1364.2000000000364
1436,1365.1500000000365
1437,1366.1000000000365
1438,1367.0500000000366
1439,1368.0000000000366
1440,1368.9500000000367
1441,1369.9000000000367
1442,1370.8500000000367
1443,1371.8000000000368
1444,1372.7500000000368
1445,1373.7000000000369
1446,1374.650000000037
1447,1375.600000000037
1448,1376.550000000037
1449,1377.500000000037
1450,1378.450000000037
1451,1379.4000000000372
1452,1380.3500000000372
1453,1381.3000000000372
1454,1382.2500000000373
1455,1383.2000000000373
1456,1384.1500000000374
1457,1385.1000000000374
1458,1386.0500000000375
1459,1387.0000000000375
1460,1387.9500000000376
1461,1388.9000000000376
1462,1389.8500000000377
1463,1390.8000000000377
1464,1391.7500000000377
1465,1392.7000000000378
1466,1393.6500000000378
1467,1394.6000000000379
1468,1395.550000000038
1469,1396.500000000038
1470,1397.450000000038
1471,1398.400000000038
1472,1399.350000000038
1473,1400.3000000000382
1474,1401.2500000000382
1475,1402.2000000000382
1476,1403.1500000000383
1477,1404.1000000000383
1478,1405.0500000000384
1479,1406.0000000000384
1480,1406.9500000000385
1481,1407.9000000000385
1482,1408.8500000000386
1483,1409.8000000000386
1484,1410.7500000000387
1485,1411.7000000000387
1486,1412.6500000000387
1487,1413.6000000000388
1488,1414.5500000000388
1489,1415.5000000000389
1490,1416.450000000039
1491,1417.400000000039
1492,1418.350000000039
1493,1419.300000000039
1494,1420.250000000039
1495,1421.2000000000392
1496,1422.1500000000392
1497,1423.1000000000392
1498,1424.0500000000393
1499,1425.0000000000393
1500,1425.9500000000394
1501,1426.9000000000394
1502,1427.8500000000395
1503,1428.8000000000395
1504,1429.7500000000396
1505,1430.7000000000396
1506,1431.6500000000397
1507,1432.6000000000397
1508,1433.5500000000397
1509,1434.5000000000398
1510,1435.4500000000398
1511,1436.4000000000399
1512,1437.35000000004
1513,1438.30000000004
1514,1439.25000000004
1515,1440.20000000004
1516,1441.15000000004
1517,1442.1000000000402
1518,1443.0500000000402
1519,1444.0000000000402
1520,1444.9500000000403
1521,1445.9000000000403
1522,1446.8500000000404
1523,1447.8000000000404
1524,1448.7500000000405
1525,1449.7000000000405
1526,1450.6500000000406
1527,1451.6000000000406
1528,1452.5500000000407
1529,1453.5000000000407
1530,1454.4500000000407
1531,1455.4000000000408
1532,1456.3500000000408
1533,1457.3000000000409
1534,1458.250000000041
1535,1459.200000000041
1536,1460.150000000041
1537,1461.100000000041
1538,1462.050000000041
1539,1463.0000000000412
1540,1463.9500000000412
1541,1464.9000000000412
1542,1465.8500000000413
1543,1466.8000000000413
1544,1467.7500000000414
1545,1468.7000000000414
1546,1469.6500000000415
1547,1470.6000000000415
1548,1471.5500000000416
1549,1472.5000000000416
1550,1473.4500000000417
1551,1474.4000000000417
1552,1475.3500000000417
1553,1476.3000000000418
1554,1477.2500000000418
1555,1478.2000000000419
1556,1479.150000000042
1557,1480.100000000042
1558,1481.050000000042
1559,1482.000000000042
1560,1482.950000000042
1561,1483.9000000000422
1562,1484.8500000000422
1563,1485.8000000000422
1564,1486.7500000000423
1565,1487.7000000000423
1566,1488.6500000000424
1567,1489.6000000000424
1568,1490.5500000000425
1569,1491.5000000000425
1570,1492.4500000000426
1571,1493.4000000000426
1572,1494.3500000000427
1573,1495.3000000000427
1574,1496.2500000000427
1575,1497.2000000000428
1576,1498.1500000000428
1577,1499.1000000000429
1578,1500.050000000043
1579,1501.000000000043
1580,1501.950000000043
1581,1502.900000000043
1582,1503.850000000043
1583,1504.8000000000432
1584,1505.7500000000432
1585,1506.7000000000432
1586,1507.6500000000433
1587,1508.6000000000433
1588,1509.5500000000434
1589,1510.5000000000434
1590,1511.4500000000435
1591,1512.4000000000435
1592,1513.3500000000436
1593,1514.3000000000436
1594,1515.2500000000437
1595,1516.2000000000437
1596,1517.1500000000437
1597,1518.1000000000438
1598,1519.0500000000438
1599,1520.0000000000439
1600,1520.950000000044
1601,1521.900000000044
1602,1522.850000000044
1603,1523.800000000044
1604,1524.750000000044
1605,1525.7000000000442
1606,1526.6500000000442
1607,1527.6000000000442
1608,1528.5500000000443
1609,1529.5000000000443
1610,1530.4500000000444
1611,1531.4000000000444
1612,1532.3500000000445
1613,1533.3000000000445
1614,1534.2500000000446
1615,1535.2000000000446
1616,1536.1500000000447
1617,1537.1000000000447
1618,1538.0500000000447
1619,1539.0000000000448
1620,1539.9500000000448
1621,1540.9000000000449
1622,1541.850000000045
1623,1542.800000000045
1624,1543.750000000045
1625,1544.700000000045
1626,1545.650000000045
1627,1546.6000000000452
1628,1547.5500000000452
1629,1548.5000000000452
1630,1549.4500000000453
1631,1550.4000000000453
1632,1551.3500000000454
1633,1552.3000000000454
1634,1553.2500000000455
1635,1554.2000000000455
1636,1555.1500000000456
1637,1556.1000000000456
1638,1557.0500000000457
1639,1558.0000000000457
1640,1558.9500000000457
1641,1559.9000000000458
1642,1560.8500000000458
1643,1561.8000000000459
1644,1562.750000000046
1645,1563.700000000046
1646,1564.650000000046
1647,1565.600000000046
1648,1566.550000000046
1649,1567.5000000000462
1650,1568.4500000000462
1651,1569.4000000000462
1652,1570.3500000000463
1653,1571.3000000000463
1654,1572.2500000000464
1655,1573.2000000000464
1656,1574.1500000000465
1657,1575.1000000000465
1658,1576.0500000000466
1659,1577.0000000000466
1660,1577.9500000000467
1661,1578.9000000000467
1662,1579.8500000000467
1663,1580.8000000000468
1664,1581.7500000000468
1665,1582.7000000000469
1666,1583.650000000047
1667,1584.600000000047
1668,1585.550000000047
1669,1586.500000000047
1670,1587.450000000047
1671,1588.4000000000472
1672,1589.3500000000472
1673,1590.3000000000472
1674,1591.2500000000473
1675,1592.2000000000473
1676,1593.1500000000474
1677,1594.1000000000474
1678,1595.0500000000475
1679,1596.0000000000475
1680,1596.9500000000476
1681,1597.9000000000476
1682,1598.8500000000477
1683,1599.8000000000477
1684,1600.7500000000477
1685,1601.7000000000478
1686,1602.6500000000478
1687,1603.6000000000479
1688,1604.550000000048
1689,1605.500000000048
1690,1606.450000000048
1691,1607.400000000048
1692,1608.350000000048
1693,1609.3000000000482
1694,1610.2500000000482
1695,1611.2000000000482
1696,1612.1500000000483
1697,1613.1000000000483
1698,1614.0500000000484
1699,1615.0000000000484
1700,1615.9500000000485
1701,1616.9000000000485
1702,1617.8500000000486
1703,1618.8000000000486
1704,1619.7500000000487
1705,1620.7000000000487
1706,1621.6500000000487
1707,1622.6000000000488
1708,1623.5500000000488
1709,1624.5000000000489
1710,1625.450000000049
1711,1626.400000000049
1712,1627.350000000049
1713,1628.300000000049
1714,1629.250000000049
1715,1630.2000000000492
1716,1631.1500000000492
1717,1632.1000000000492
1718,1633.0500000000493
1719,1634.0000000000493
1720,1634.9500000000494
1721,1635.9000000000494
1722,1636.8500000000495
1723,1637.8000000000495
1724,1638.7500000000496
1725,1639.7000000000496
1726,1640.6500000000497
1727,1641.6000000000497
1728,1642.5500000000497
1729,1643.5000000000498
1730,1644.4500000000498
1731,1645.4000000000499
1732,1646.35000000005
1733,1647.30000000005
1734,1648.25000000005
1735,1649.20000000005
1736,1650.15000000005
1737,1651.1000000000502
1738,1652.0500000000502
1739,1653.0000000000502
1740,1653.9500000000503
1741,1654.9000000000503
1742,1655.8500000000504
1743,1656.8000000000504
1744,1657.7500000000505
1745,1658.7000000000505
1746,1659.6500000000506
1747,1660.6000000000506
1748,1661.5500000000507
1749,1662.5000000000507
1750,1663.4500000000507
1751,1664.4000000000508
1752,1665.3500000000508
1753,1666.3000000000509
1754,1667.250000000051
1755,1668.200000000051
1756,1669.150000000051
1757,1670.100000000051
1758,1671.050000000051
1759,1672.0000000000512
1760,1672.9500000000512
1761,1673.9000000000513
1762,1674.8500000000513
1763,1675.8000000000513
1764,1676.7500000000514
1765,1677.7000000000514
1766,1678.6500000000515
1767,1679.6000000000515
1768,1680.5500000000516
1769,1681.5000000000516
1770,1682.4500000000517
1771,1683.4000000000517
1772,1684.3500000000518
1773,1685.3000000000518
1774,1686.2500000000518
1775,1687.200000000052
1776,1688.150000000052
1777,1689.100000000052
1778,1690.050000000052
1779,1691.000000000052
1780,1691.9500000000521
1781,1692.9000000000522
1782,1693.8500000000522
1783,1694.8000000000523
1784,1695.7500000000523
1785,1696.7000000000523
1786,1697.6500000000524
1787,1698.6000000000524
1788,1699.5500000000525
1789,1700.5000000000525
1790,1701.4500000000526
1791,1702.4000000000526
1792,1703.3500000000527
1793,1704.3000000000527
1794,1705.2500000000528
1795,1706.2000000000528
1796,1707.1500000000528
1797,1708.100000000053
1798,1709.050000000053
1799,1710.000000000053
1800,1710.950000000053
1801,1711.900000000053
1802,1712.8500000000531
1803,1713.8000000000532
1804,1714.7500000000532
1805,1715.7000000000533
1806,1716.6500000000533
1807,1717.6000000000533
1808,1718.5500000000534
1809,1719.5000000000534
1810,1720.4500000000535
1811,1721.4000000000535
1812,1722.3500000000536
1813,1723.3000000000536
1814,1724.2500000000537
1815,1725.2000000000537
1816,1726.1500000000538
1817,1727.1000000000538
1818,1728.0500000000538
1819,1729.000000000054
1820,1729.950000000054
1821,1730.900000000054
1822,1731.850000000054
1823,1732.800000000054
1824,1733.7500000000541
1825,1734.7000000000542
1826,1735.6500000000542
1827,1736.6000000000543
1828,1737.5500000000543
1829,1738.5000000000543
1830,1739.4500000000544
1831,1740.4000000000544
1832,1741.3500000000545
1833,1742.3000000000545
1834,1743.2500000000546
1835,1744.2000000000546
1836,1745.1500000000547
1837,1746.1000000000547
1838,1747.0500000000548
1839,1748.0000000000548
1840,1748.9500000000548
1841,1749.900000000055
1842,1750.850000000055
1843,1751.800000000055
1844,1752.750000000055
1845,1753.700000000055
1846,1754.6500000000551
1847,1755.6000000000552
1848,1756.5500000000552
1849,1757.5000000000553
1850,1758.4500000000553
1851,1759.4000000000553
1852,1760.3500000000554
1853,1761.3000000000554
1854,1762.2500000000555
1855,1763.2000000000555
1856,1764.1500000000556
1857,1765.1000000000556
1858,1766.0500000000557
1859,1767.0000000000557
1860,1767.9500000000558
1861,1768.9000000000558
1862,1769.8500000000558
1863,1770.800000000056
1864,1771.750000000056
1865,1772.700000000056
1866,1773.650000000056
1867,1774.600000000056
1868,1775.5500000000561
1869,1776.5000000000562
1870,1777.4500000000562
1871,1778.4000000000563
1872,1779.3500000000563
1873,1780.3000000000563
1874,1781.2500000000564
1875,1782.2000000000564
1876,1783.1500000000565
1877,1784.1000000000565
1878,1785.0500000000566
1879,1786.0000000000566
1880,1786.9500000000567
1881,1787.9000000000567
1882,1788.8500000000568
1883,1789.8000000000568
1884,1790.7500000000568
1885,1791.700000000057
1886,1792.650000000057
1887,1793.600000000057
1888,1794.550000000057
1889,1795.500000000057
1890,1796.4500000000571
1891,1797.4000000000572
1892,1798.3500000000572
1893,1799.3000000000573
1894,1800.2500000000573
1895,1801.2000000000573
1896,1802.1500000000574
1897,1803.1000000000574
1898,1804.0500000000575
1899,1805.0000000000575
1900,1805.9500000000576
1901,1806.9000000000576
1902,1807.8500000000577
1903,1808.8000000000577
1904,1809.7500000000578
1905,1810.7000000000578
1906,1811.6500000000578
1907,1812.600000000058
1908,1813.550000000058
1909,1814.500000000058
1910,1815.450000000058
1911,1816.400000000058
1912,1817.3500000000581
1913,1818.3000000000582
1914,1819.2500000000582
1915,1820.2000000000583
1916,1821.1500000000583
1917,1822.1000000000583
1918,1823.0500000000584
1919,1824.0000000000584
1920,1824.9500000000585
1921,1825.9000000000585
1922,1826.8500000000586
1923,1827.8000000000586
1924,1828.7500000000587
1925,1829.7000000000587
1926,1830.6500000000588
1927,1831.6000000000588
1928,1832.5500000000588
1929,1833.500000000059
1930,1834.450000000059
1931,1835.400000000059
1932,1836.350000000059
1933,1837.300000000059
1934,1838.2500000000591
1935,1839.2000000000592
1936,1840.1500000000592
1937,1841.1000000000593
1938,1842.0500000000593
1939,1843.0000000000593
1940,1843.9500000000594
1941,1844.9000000000594
1942,1845.8500000000595
1943,1846.8000000000595
1944,1847.7500000000596
1945,1848.7000000000596
1946,1849.6500000000597
1947,1850.6000000000597
1948,1851.5500000000598
1949,1852.5000000000598
1950,1853.4500000000598
1951,1854.40000000006
1952,1855.35000000006
1953,1856.30000000006
1954,1857.25000000006
1955,1858.20000000006
1956,1859.1500000000601
1957,1860.1000000000602
1958,1861.0500000000602
1959,1862.0000000000603
1960,1862.9500000000603
1961,1863.9000000000603
1962,1864.8500000000604
1963,1865.8000000000604
1964,1866.7500000000605
1965,1867.7000000000605
1966,1868.6500000000606
1967,1869.6000000000606
1968,1870.5500000000607
1969,1871.5000000000607
1970,1872.4500000000608
1971,1873.4000000000608
1972,1874.3500000000608
1973,1875.300000000061
1974,1876.250000000061
1975,1877.200000000061
1976,1878.150000000061
1977,1879.100000000061
1978,1880.0500000000611
1979,1881.0000000000612
1980,1881.9500000000612
1981,1882.9000000000613
1982,1883.8500000000613
1983,1884.8000000000613
1984,1885.7500000000614
1985,1886.7000000000614
1986,1887.6500000000615
1987,1888.6000000000615
1988,1889.5500000000616
1989,1890.5000000000616
1990,1891.4500000000617
1991,1892.4000000000617
1992,1893.3500000000618
1993,1894.3000000000618
1994,1895.2500000000618
1995,1896.200000000062
1996,1897.150000000062
1997,1898.100000000062
1998,1899.050000000062
1999,1900.000000000062
2000,1900.9500000000621
2001,1901.9000000000622
2002,1902.8500000000622
2003,1903.8000000000623
2004,1904.7500000000623
2005,1905.7000000000623
2006,1906.6500000000624
2007,1907.6000000000624
2008,1908.5500000000625
2009,1909.5000000000625
2010,1910.4500000000626
2011,1911.4000000000626
2012,1912.3500000000627
2013,1913.3000000000627
2014,1914.2500000000628
2015,1915.2000000000628
2016,1916.1500000000628
2017,1917.100000000063
2018,1918.050000000063
2019,1919.000000000063
2020,1919.950000000063
2021,1920.900000000063
2022,1921.8500000000631
2023,1922.8000000000632
2024,1923.7500000000632
2025,1924.7000000000633
2026,1925.6500000000633
2027,1926.6000000000633
2028,1927.5500000000634
2029,1928.5000000000634
2030,1929.4500000000635
2031,1930.4000000000635
2032,1931.3500000000636
2033,1932.3000000000636
2034,1933.2500000000637
2035,1934.2000000000637
2036,1935.1500000000638
2037,1936.1000000000638
2038,1937.0500000000638
2039,1938.000000000064
2040,1938.950000000064
2041,1939.900000000064
2042,1940.850000000064
2043,1941.800000000064
2044,1942.7500000000641
2045,1943.7000000000642
2046,1944.6500000000642
2047,1945.6000000000643
2048,1946.5500000000643
2049,1947.5000000000643
2050,1948.4500000000644
2051,1949.4000000000644
2052,1950.3500000000645
2053,1951.3000000000645
2054,1952.2500000000646
2055,1953.2000000000646
2056,1954.1500000000647
2057,1955.1000000000647
2058,1956.0500000000648
2059,1957.0000000000648
2060,1957.9500000000648
2061,1958.900000000065
2062,1959.850000000065
2063,1960.800000000065
2064,1961.750000000065
2065,1962.700000000065
2066,1963.6500000000651
2067,1964.6000000000652
2068,1965.5500000000652
2069,1966.5000000000653
2070,1967.4500000000653
2071,1968.4000000000653
2072,1969.3500000000654
2073,1970.3000000000654
2074,1971.2500000000655
2075,1972.2000000000655
2076,1973.1500000000656
2077,1974.1000000000656
2078,1975.0500000000657
2079,1976.0000000000657
2080,1976.9500000000658
2081,1977.9000000000658
2082,1978.8500000000658
2083,1979.800000000066
2084,1980.750000000066
2085,1981.700000000066
2086,1982.650000000066
2087,1983.600000000066
2088,1984.5500000000661
2089,1985.5000000000662
2090,1986.4500000000662
2091,1987.4000000000663
2092,1988.3500000000663
2093,1989.3000000000663
2094,1990.2500000000664
2095,1991.2000000000664
2096,1992.1500000000665
2097,1993.1000000000665
2098,1994.0500000000666
2099,1995.0000000000666
2100,1995.9500000000667
2101,1996.9000000000667
2102,1997.8500000000668
2103,1998.8000000000668
2104,1999.7500000000668
2105,2000.700000000067
2106,2001.650000000067
2107,2002.600000000067
2108,2003.550000000067
2109,2004.500000000067
2110,2005.4500000000671
2111,2006.4000000000672
2112,2007.3500000000672
2113,2008.3000000000673
2114,2009.2500000000673
2115,2010.2000000000673
2116,2011.1500000000674
2117,2012.1000000000674
2118,2013.0500000000675
2119,2014.0000000000675
2120,2014.9500000000676
2121,2015.9000000000676
2122,2016.8500000000677
2123,2017.8000000000677
2124,2018.7500000000678
2125,2019.7000000000678
2126,2020.6500000000678
2127,2021.600000000068
2128,2022.550000000068
2129,2023.500000000068
2130,2024.450000000068
2131,2025.400000000068
2132,2026.3500000000681
2133,2027.3000000000682
2134,2028.2500000000682
2135,2029.2000000000683
2136,2030.1500000000683
2137,2031.1000000000683
2138,2032.0500000000684
2139,2033.0000000000684
2140,2033.9500000000685
2141,2034.9000000000685
2142,2035.8500000000686
2143,2036.8000000000686
2144,2037.7500000000687
2145,2038.7000000000687
2146,2039.6500000000688
2147,2040.6000000000688
2148,2041.5500000000688
2149,2042.500000000069
2150,2043.450000000069
2151,2044.400000000069
2152,2045.350000000069
2153,2046.300000000069
2154,2047.2500000000691
2155,2048.200000000069
2156,2049.1500000000688
2157,2050.1000000000686
2158,2051.0500000000684
2159,2052.000000000068
2160,2052.950000000068
2161,2053.900000000068
2162,2054.8500000000677
2163,2055.8000000000675
2164,2056.7500000000673
2165,2057.700000000067
2166,2058.650000000067
2167,2059.6000000000668
2168,2060.5500000000666
2169,2061.5000000000664
2170,2062.450000000066
2171,2063.400000000066
2172,2064.350000000066
2173,2065.3000000000657
2174,2066.2500000000655
2175,2067.2000000000653
2176,2068.150000000065
2177,2069.100000000065
2178,2070.0500000000648
2179,2071.0000000000646
2180,2071.9500000000644
2181,2072.900000000064
2182,2073.850000000064
2183,2074.800000000064
2184,2075.7500000000637
2185,2076.7000000000635
2186,2077.6500000000633
2187,2078.600000000063
2188,2079.550000000063
2189,2080.5000000000628
2190,2081.4500000000626
2191,2082.4000000000624
2192,2083.350000000062
2193,2084.300000000062
2194,2085.250000000062
2195,2086.2000000000617
2196,2087.1500000000615
2197,2088.1000000000613
2198,2089.050000000061
2199,2090.000000000061
2200,2090.9500000000608
2201,2091.9000000000606
2202,2092.8500000000604
2203,2093.80000000006
2204,2094.75000000006
2205,2095.70000000006
2206,2096.6500000000597
2207,2097.6000000000595
2208,2098.5500000000593
2209,2099.500000000059
2210,2100.450000000059
2211,2101.4000000000588
2212,2102.3500000000586
2213,2103.3000000000584
2214,2104.250000000058
2215,2105.200000000058
2216,2106.150000000058
2217,2107.1000000000577
2218,2108.0500000000575
2219,2109.0000000000573
2220,2109.950000000057
2221,2110.900000000057
2222,2111.8500000000568
2223,2112.8000000000566
2224,2113.7500000000564
2225,2114.700000000056
2226,2115.650000000056
2227,2116.600000000056
2228,2117.5500000000557
2229,2118.5000000000555
2230,2119.4500000000553
2231,2120.400000000055
2232,2121.350000000055
2233,2122.3000000000548
2234,2123.2500000000546
2235,2124.2000000000544
2236,2125.150000000054
2237,2126.100000000054
2238,2127.050000000054
2239,2128.0000000000537
2240,2128.9500000000535
2241,2129.9000000000533
2242,2130.850000000053
2243,2131.800000000053
2244,2132.7500000000528
2245,2133.7000000000526
2246,2134.6500000000524
2247,2135.600000000052
2248,2136.550000000052
2249,2137.500000000052
2250,2138.4500000000517
2251,2139.4000000000515
2252,2140.3500000000513
2253,2141.300000000051
2254,2142.250000000051
2255,2143.2000000000507
2256,2144.1500000000506
2257,2145.1000000000504
2258,2146.05000000005
2259,2147.00000000005
2260,2147.95000000005
2261,2148.9000000000497
2262,2149.8500000000495
2263,2150.8000000000493
2264,2151.750000000049
2265,2152.700000000049
2266,2153.6500000000487
2267,2154.6000000000486
2268,2155.5500000000484
2269,2156.500000000048
2270,2157.450000000048
2271,2158.400000000048
2272,2159.3500000000477
2273,2160.3000000000475
2274,2161.2500000000473
2275,2162.200000000047
2276,2163.150000000047
2277,2164.1000000000467
2278,2165.0500000000466
2279,2166.0000000000464
2280,2166.950000000046
2281,2167.900000000046
2282,2168.850000000046
2283,2169.8000000000457
2284,2170.7500000000455
2285,2171.7000000000453
2286,2172.650000000045
2287,2173.600000000045
2288,2174.5500000000447
2289,2175.5000000000446
2290,2176.4500000000444
2291,2177.400000000044
2292,2178.350000000044
2293,2179.300000000044
2294,2180.2500000000437
2295,2181.2000000000435
2296,2182.1500000000433
2297,2183.100000000043
2298,2184.050000000043
2299,2185.0000000000427
2300,2185.9500000000426
2301,2186.9000000000424
2302,2187.850000000042
2303,2188.800000000042
2304,2189.750000000042
2305,2190.7000000000417
2306,2191.6500000000415
2307,2192.6000000000413
2308,2193.550000000041
2309,2194.500000000041
2310,2195.4500000000407
2311,2196.4000000000406
2312,2197.3500000000404
2313,2198.30000000004
2314,2199.25000000004
2315,2200.20000000004
2316,2201.1500000000397
2317,2202.1000000000395
2318,2203.0500000000393
2319,2204.000000000039
2320,2204.950000000039
2321,2205.9000000000387
2322,2206.8500000000386
2323,2207.8000000000384
2324,2208.750000000038
2325,2209.700000000038
2326,2210.650000000038
2327,2211.6000000000377
2328,2212.5500000000375
2329,2213.5000000000373
2330,2214.450000000037
2331,2215.400000000037
2332,2216.3500000000367
2333,2217.3000000000366
2334,2218.2500000000364
2335,2219.200000000036
2336,2220.150000000036
2337,2221.100000000036
2338,2222.0500000000357
2339,2223.0000000000355
2340,2223.9500000000353
2341,2224.900000000035
2342,2225.850000000035
2343,2226.8000000000347
2344,2227.7500000000346
2345,2228.7000000000344
2346,2229.650000000034
2347,2230.600000000034
2348,2231.550000000034
2349,2232.5000000000337
2350,2233.4500000000335
2351,2234.4000000000333
2352,2235.350000000033
2353,2236.300000000033
2354,2237.2500000000327
2355,2238.2000000000326
2356,2239.1500000000324
2357,2240.100000000032
2358,2241.050000000032
2359,2242.000000000032
2360,2242.9500000000317
2361,2243.9000000000315
2362,2244.8500000000313
2363,2245.800000000031
2364,2246.750000000031
2365,2247.7000000000307
2366,2248.6500000000306
2367,2249.6000000000304
2368,2250.55000000003
2369,2251.50000000003
2370,2252.45000000003
2371,2253.4000000000296
2372,2254.3500000000295
2373,2255.3000000000293
2374,2256.250000000029
2375,2257.200000000029
2376,2258.1500000000287
2377,2259.1000000000286
2378,2260.0500000000284
2379,2261.000000000028
2380,2261.950000000028
2381,2262.900000000028
2382,2263.8500000000276
2383,2264.8000000000275
2384,2265.7500000000273
2385,2266.700000000027
2386,2267.650000000027
2387,2268.6000000000267
2388,2269.5500000000266
2389,2270.5000000000264
2390,2271.450000000026
2391,2272.400000000026
2392,2273.350000000026
2393,2274.3000000000256
2394,2275.2500000000255
2395,2276.2000000000253
2396,2277.150000000025
2397,2278.100000000025
2398,2279.0500000000247
2399,2280.0000000000246
2400,2280.9500000000244
2401,2281.900000000024
2402,2282.850000000024
2403,2283.800000000024
2404,2284.7500000000236
2405,2285.7000000000235
2406,2286.6500000000233
2407,2287.600000000023
2408,2288.550000000023
2409,2289.5000000000227
2410,2290.4500000000226
2411,2291.4000000000224
2412,2292.350000000022
2413,2293.300000000022
2414,2294.250000000022
2415,2295.2000000000216
2416,2296.1500000000215
2417,2297.1000000000213
2418,2298.050000000021
2419,2299.000000000021
2420,2299.9500000000207
2421,2300.9000000000206
2422,2301.8500000000204
2423,2302.80000000002
2424,2303.75000000002
2425,2304.70000000002
2426,2305.6500000000196
2427,2306.6000000000195
2428,2307.5500000000193
2429,2308.500000000019
2430,2309.450000000019
2431,2310.4000000000187
2432,2311.3500000000186
2433,2312.3000000000184
2434,2313.250000000018
2435,2314.200000000018
2436,2315.150000000018
2437,2316.1000000000176
2438,2317.0500000000175
2439,2318.0000000000173
2440,2318.950000000017
2441,2319.900000000017
2442,2320.8500000000167
2443,2321.8000000000166
2444,2322.7500000000164
2445,2323.700000000016
2446,2324.650000000016
2447,2325.600000000016
2448,2326.5500000000156
2449,2327.5000000000155
2450,2328.4500000000153
2451,2329.400000000015
2452,2330.350000000015
2453,2331.3000000000147
2454,2332.2500000000146
2455,2333.2000000000144
2456,2334.150000000014
2457,2335.100000000014
2458,2336.050000000014
2459,2337.0000000000136
2460,2337.9500000000135
2461,2338.9000000000133
2462,2339.850000000013
2463,2340.800000000013
2464,2341.7500000000127
2465,2342.7000000000126
2466,2343.6500000000124
2467,2344.600000000012
2468,2345.550000000012
2469,2346.500000000012
2470,2347.4500000000116
2471,2348.4000000000115
2472,2349.3500000000113
2473,2350.300000000011
2474,2351.250000000011
2475,2352.2000000000107
2476,2353.1500000000106
2477,2354.1000000000104
2478,2355.05000000001
2479,2356.00000000001
2480,2356.95000000001
2481,2357.9000000000096
2482,2358.8500000000095
2483,2359.8000000000093
2484,2360.750000000009
2485,2361.700000000009
2486,2362.6500000000087
2487,2363.6000000000085
2488,2364.5500000000084
2489,2365.500000000008
2490,2366.450000000008
2491,2367.400000000008
2492,2368.3500000000076
2493,2369.3000000000075
2494,2370.2500000000073
2495,2371.200000000007
2496,2372.150000000007
2497,2373.1000000000067
2498,2374.0500000000065
2499,2375.0000000000064
2500,2375.950000000006
2501,2376.900000000006
2502,2377.850000000006
2503,2378.8000000000056
2504,2379.7500000000055
2505,2380.7000000000053
2506,2381.650000000005
2507,2382.600000000005
2508,2383.5500000000047
2509,2384.5000000000045
2510,2385.4500000000044
2511,2386.400000000004
2512,2387.350000000004
2513,2388.300000000004
2514,2389.2500000000036
2515,2390.2000000000035
2516,2391.1500000000033
2517,2392.100000000003
2518,2393.050000000003
2519,2394.0000000000027
2520,2394.9500000000025
2521,2395.9000000000024
2522,2396.850000000002
2523,2397.800000000002
2524,2398.750000000002
2525,2399.7000000000016
2526,2400.6500000000015
2527,2401.6000000000013
2528,2402.550000000001
2529,2403.500000000001
2530,2404.4500000000007
2531,2405.4000000000005
2532,2406.3500000000004
2533,2407.3
2534,2408.25
2535,2409.2
2536,2410.1499999999996
2537,2411.0999999999995
2538,2412.0499999999993
2539,2412.999999999999
2540,2413.949999999999
2541,2414.8999999999987
2542,2415.8499999999985
2543,2416.7999999999984
2544,2417.749999999998
2545,2418.699999999998
2546,2419.649999999998
2547,2420.5999999999976
2548,2421.5499999999975
2549,2422.4999999999973
2550,2423.449999999997
2551,2424.399999999997
2552,2425.3499999999967
2553,2426.2999999999965
2554,2427.2499999999964
2555,2428.199999999996
2556,2429.149999999996
2557,2430.099999999996
2558,2431.0499999999956
2559,2431.9999999999955
2560,2432.9499999999953
2561,2433.899999999995
2562,2434.849999999995
2563,2435.7999999999947
2564,2436.7499999999945
2565,2437.6999999999944
2566,2438.649999999994
2567,2439.599999999994
2568,2440.549999999994
2569,2441.4999999999936
2570,2442.4499999999935
2571,2443.3999999999933
2572,2444.349999999993
2573,2445.299999999993
2574,2446.2499999999927
2575,2447.1999999999925
2576,2448.1499999999924
2577,2449.099999999992
2578,2450.049999999992
2579,2450.999999999992
2580,2451.9499999999916
2581,2452.8999999999915
2582,2453.8499999999913
2583,2454.799999999991
2584,2455.749999999991
2585,2456.6999999999907
2586,2457.6499999999905
2587,2458.5999999999904
2588,2459.54999999999
2589,2460.49999999999
2590,2461.44999999999
2591,2462.3999999999896
2592,2463.3499999999894
2593,2464.2999999999893
2594,2465.249999999989
2595,2466.199999999989
2596,2467.1499999999887
2597,2468.0999999999885
2598,2469.0499999999884
2599,2469.999999999988
2600,2470.949999999988
2601,2471.899999999988
2602,2472.8499999999876
2603,2473.7999999999874
2604,2474.7499999999873
2605,2475.699999999987
2606,2476.649999999987
2607,2477.5999999999867
2608,2478.5499999999865
2609,2479.4999999999864
2610,2480.449999999986
2611,2481.399999999986
2612,2482.349999999986
2613,2483.2999999999856
2614,2484.2499999999854
2615,2485.1999999999853
2616,2486.149999999985
2617,2487.099999999985
2618,2488.0499999999847
2619,2488.9999999999845
2620,2489.9499999999844
2621,2490.899999999984
2622,2491.849999999984
2623,2492.799999999984
2624,2493.7499999999836
2625,2494.6999999999834
2626,2495.6499999999833
2627,2496.599999999983
2628,2497.549999999983
2629,2498.4999999999827
2630,2499.4499999999825
2631,2500.3999999999824
2632,2501.349999999982
2633,2502.299999999982
2634,2503.249999999982
2635,2504.1999999999816
2636,2505.1499999999814
2637,2506.0999999999813
2638,2507.049999999981
2639,2507.999999999981
2640,2508.9499999999807
2641,2509.8999999999805
2642,2510.8499999999804
2643,2511.79999999998
2644,2512.74999999998
2645,2513.69999999998
2646,2514.6499999999796
2647,2515.5999999999794
2648,2516.5499999999793
2649,2517.499999999979
2650,2518.449999999979
2651,2519.3999999999787
2652,2520.3499999999785
2653,2521.2999999999784
2654,2522.249999999978
2655,2523.199999999978
2656,2524.149999999978
2657,2525.0999999999776
2658,2526.0499999999774
2659,2526.9999999999773
2660,2527.949999999977
2661,2528.899999999977
2662,2529.8499999999767
2663,2530.7999999999765
2664,2531.7499999999764
2665,2532.699999999976
2666,2533.649999999976
2667,2534.599999999976
2668,2535.5499999999756
2669,2536.4999999999754
2670,2537.4499999999753
2671,2538.399999999975
2672,2539.349999999975
2673,2540.2999999999747
2674,2541.2499999999745
2675,2542.1999999999744
2676,2543.149999999974
2677,2544.099999999974
2678,2545.049999999974
2679,2545.9999999999736
2680,2546.9499999999734
2681,2547.8999999999733
2682,2548.849999999973
2683,2549.799999999973
2684,2550.7499999999727
2685,2551.6999999999725
2686,2552.6499999999724
2687,2553.599999999972
2688,2554.549999999972
2689,2555.499999999972
2690,2556.4499999999716
2691,2557.3999999999714
2692,2558.3499999999713
2693,2559.299999999971
2694,2560.249999999971
2695,2561.1999999999707
2696,2562.1499999999705
2697,2563.0999999999704
2698,2564.04999999997
2699,2564.99999999997
2700,2565.94999999997
2701,2566.8999999999696
2702,2567.8499999999694
2703,2568.7999999999693
2704,2569.749999999969
2705,2570.699999999969
2706,2571.6499999999687
2707,2572.5999999999685
2708,2573.5499999999683
2709,2574.499999999968
2710,2575.449999999968
2711,2576.399999999968
2712,2577.3499999999676
2713,2578.2999999999674
2714,2579.2499999999673
2715,2580.199999999967
2716,2581.149999999967
2717,2582.0999999999667
2718,2583.0499999999665
2719,2583.9999999999663
2720,2584.949999999966
2721,2585.899999999966
2722,2586.849999999966
2723,2587.7999999999656
2724,2588.7499999999654
2725,2589.6999999999653
2726,2590.649999999965
2727,2591.599999999965
2728,2592.5499999999647
2729,2593.4999999999645
2730,2594.4499999999643
2731,2595.399999999964
2732,2596.349999999964
2733,2597.299999999964
2734,2598.2499999999636
2735,2599.1999999999634
2736,2600.1499999999633
2737,2601.099999999963
2738,2602.049999999963
2739,2602.9999999999627
2740,2603.9499999999625
2741,2604.8999999999623
2742,2605.849999999962
2743,2606.799999999962
2744,2607.749999999962
2745,2608.6999999999616
2746,2609.6499999999614
2747,2610.5999999999613
2748,2611.549999999961
2749,2612.499999999961
2750,2613.4499999999607
2751,2614.3999999999605
2752,2615.3499999999603
2753,2616.29999999996
2754,2617.24999999996
2755,2618.19999999996
2756,2619.1499999999596
2757,2620.0999999999594
2758,2621.0499999999593
2759,2621.999999999959
2760,2622.949999999959
2761,2623.8999999999587
2762,2624.8499999999585
2763,2625.7999999999583
2764,2626.749999999958
2765,2627.699999999958
2766,2628.649999999958
2767,2629.5999999999576
2768,2630.5499999999574
2769,2631.4999999999573
2770,2632.449999999957
2771,2633.399999999957
2772,2634.3499999999567
2773,2635.2999999999565
2774,2636.2499999999563
2775,2637.199999999956
2776,2638.149999999956
2777,2639.099999999956
2778,2640.0499999999556
2779,2640.9999999999554
2780,2641.9499999999553
2781,2642.899999999955
2782,2643.849999999955
2783,2644.7999999999547
2784,2645.7499999999545
2785,2646.6999999999543
2786,2647.649999999954
2787,2648.599999999954
2788,2649.549999999954
2789,2650.4999999999536
2790,2651.4499999999534
2791,2652.3999999999533
2792,2653.349999999953
2793,2654.299999999953
2794,2655.2499999999527
2795,2656.1999999999525
2796,2657.1499999999523
2797,2658.099999999952
2798,2659.049999999952
2799,2659.999999999952
2800,2660.9499999999516
2801,2661.8999999999514
2802,2662.8499999999513
2803,2663.799999999951
2804,2664.749999999951
2805,2665.6999999999507
2806,2666.6499999999505
2807,2667.5999999999503
2808,2668.54999999995
2809,2669.49999999995
2810,2670.44999999995
2811,2671.3999999999496
2812,2672.3499999999494
2813,2673.2999999999493
2814,2674.249999999949
2815,2675.199999999949
2816,2676.1499999999487
2817,2677.0999999999485
2818,2678.0499999999483
2819,2678.999999999948
2820,2679.949999999948
2821,2680.899999999948
2822,2681.8499999999476
2823,2682.7999999999474
2824,2683.7499999999472
2825,2684.699999999947
2826,2685.649999999947
2827,2686.5999999999467
2828,2687.5499999999465
2829,2688.4999999999463
2830,2689.449999999946
2831,2690.399999999946
2832,2691.349999999946
2833,2692.2999999999456
2834,2693.2499999999454
2835,2694.1999999999452
2836,2695.149999999945
2837,2696.099999999945
2838,2697.0499999999447
2839,2697.9999999999445
2840,2698.9499999999443
2841,2699.899999999944
2842,2700.849999999944
2843,2701.799999999944
2844,2702.7499999999436
2845,2703.6999999999434
2846,2704.6499999999432
2847,2705.599999999943
2848,2706.549999999943
2849,2707.4999999999427
2850,2708.4499999999425
2851,2709.3999999999423
2852,2710.349999999942
2853,2711.299999999942
2854,2712.249999999942
2855,2713.1999999999416
2856,2714.1499999999414
2857,2715.0999999999412
2858,2716.049999999941
2859,2716.999999999941
2860,2717.9499999999407
2861,2718.8999999999405
2862,2719.8499999999403
2863,2720.79999999994
2864,2721.74999999994
2865,2722.69999999994
2866,2723.6499999999396
2867,2724.5999999999394
2868,2725.5499999999392
2869,2726.499999999939
2870,2727.449999999939
2871,2728.3999999999387
2872,2729.3499999999385
2873,2730.2999999999383
2874,2731.249999999938
2875,2732.199999999938
2876,2733.149999999938
2877,2734.0999999999376
2878,2735.0499999999374
2879,2735.9999999999372
2880,2736.949999999937
2881,2737.899999999937
2882,2738.8499999999367
2883,2739.7999999999365
2884,2740.7499999999363
2885,2741.699999999936
2886,2742.649999999936
2887,2743.599999999936
2888,2744.5499999999356
2889,2745.4999999999354
2890,2746.4499999999352
2891,2747.399999999935
2892,2748.349999999935
2893,2749.2999999999347
2894,2750.2499999999345
2895,2751.1999999999343
2896,2752.149999999934
2897,2753.099999999934
2898,2754.049999999934
2899,2754.9999999999336
2900,2755.9499999999334
2901,2756.8999999999332
2902,2757.849999999933
2903,2758.799999999933
2904,2759.7499999999327
2905,2760.6999999999325
2906,2761.6499999999323
2907,2762.599999999932
2908,2763.549999999932
2909,2764.499999999932
2910,2765.4499999999316
2911,2766.3999999999314
2912,2767.3499999999312
2913,2768.299999999931
2914,2769.249999999931
2915,2770.1999999999307
2916,2771.1499999999305
2917,2772.0999999999303
2918,2773.04999999993
2919,2773.99999999993
2920,2774.94999999993
2921,2775.8999999999296
2922,2776.8499999999294
2923,2777.7999999999292
2924,2778.749999999929
2925,2779.699999999929
2926,2780.6499999999287
2927,2781.5999999999285
2928,2782.5499999999283
2929,2783.499999999928
2930,2784.449999999928
2931,2785.399999999928
2932,2786.3499999999276
2933,2787.2999999999274
2934,2788.2499999999272
2935,2789.199999999927
2936,2790.149999999927
2937,2791.0999999999267
2938,2792.0499999999265
2939,2792.9999999999263
2940,2793.949999999926
2941,2794.899999999926
2942,2795.849999999926
2943,2796.7999999999256
2944,2797.7499999999254
2945,2798.6999999999252
2946,2799.649999999925
2947,2800.599999999925
2948,2801.5499999999247
2949,2802.4999999999245
2950,2803.4499999999243
2951,2804.399999999924
2952,2805.349999999924
2953,2806.299999999924
2954,2807.2499999999236
2955,2808.1999999999234
2956,2809.1499999999232
2957,2810.099999999923
2958,2811.049999999923
2959,2811.9999999999227
2960,2812.9499999999225
2961,2813.8999999999223
2962,2814.849999999922
2963,2815.799999999922
2964,2816.749999999922
2965,2817.6999999999216
2966,2818.6499999999214
2967,2819.5999999999212
2968,2820.549999999921
2969,2821.499999999921
2970,2822.4499999999207
2971,2823.3999999999205
2972,2824.3499999999203
2973,2825.29999999992
2974,2826.24999999992
2975,2827.19999999992
2976,2828.1499999999196
2977,2829.0999999999194
2978,2830.0499999999192
2979,2830.999999999919
2980,2831.949999999919
2981,2832.8999999999187
2982,2833.8499999999185
2983,2834.7999999999183
2984,2835.749999999918
2985,2836.699999999918
2986,2837.649999999918
2987,2838.5999999999176
2988,2839.5499999999174
2989,2840.4999999999172
2990,2841.449999999917
2991,2842.399999999917
2992,2843.3499999999167
2993,2844.2999999999165
2994,2845.2499999999163
2995,2846.199999999916
2996,2847.149999999916
2997,2848.099999999916
2998,2849.0499999999156
2999,2849.9999999999154
